stem,isolate,split,pixel_size_nm,shape,n_reference,confident_frac,ecd_nm_median,ecd_nm_p10,ecd_nm_p90,ecd_px_median,circularity_median,density_per_um2,intensity_mean,intensity_std,intensity_p1,intensity_p99,frac_below_dn32,frac_above_dn223
10A5_009,10A5,train,19.285,692x1024,106,0.6981132075471698,1009.9368999999999,915.64585,2024.2530000000002,52.36903811252268,0.8665,0.40221709755656904,31.764877319335938,53.204959869384766,0.0,237.0,0.6931335802023122,0.014205315209537573
10A5_013,10A5,train,9.609,692x1024,42,0.5952380952380952,900.3719,601.20456,1399.2336799999998,93.7008949942762,0.7476499999999999,0.6419287880020075,39.192630767822266,61.567691802978516,0.0,245.0,0.6585404059790463,0.02210531069364162
168WT008,168WT,train,6.425,692x1024,21,0.5714285714285714,856.6684,694.4189,1016.8229,133.33360311284048,0.5873,0.7179050025655327,50.91839599609375,71.95521545410156,0.0,250.0,0.6049127303106936,0.03508992277817919
27E1_002,27E1,test,13.887,692x1024,43,0.6976744186046512,893.5734,741.45012,2428.291100000001,64.34603586087708,0.7841,0.31466289462606173,25.0200252532959,50.186004638671875,0.0,233.0,0.7879970307984104,0.013533575686416185
27E1_004,27E1,test,19.168,692x1024,23,0.5652173913043478,1028.9002,767.8575599999999,4730.29096,53.67801544240401,0.7837,0.08834219453632024,18.178852081298828,39.02719497680664,0.0,214.0,0.8456509099530347,0.008272556900289017
27E1_013,27E1,test,11.517,692x1024,34,0.6470588235294118,870.7390499999999,720.83526,1762.868,75.60467569679604,0.7244999999999999,0.36173799930932915,30.849315643310547,51.71184158325195,0.0,236.0,0.7037191225614162,0.01305517295881503
28A4_004,28A4,test,12.306,692x1024,54,0.46296296296296297,1066.3928999999998,795.6518200000002,1740.7306600000002,86.65633837152608,0.44730000000000003,0.5032153580345985,32.07950210571289,53.31494140625,0.0,232.0,0.695528416275289,0.012723536849710983
28A4_009,28A4,train,8.915,692x1024,33,0.5454545454545454,970.5762,702.2592599999999,1789.6588000000004,108.87001682557488,0.6964,0.5859562537962466,33.779083251953125,55.259361267089844,0.0,233.0,0.6903746500180635,0.013247098536849711
3A28_004,3A28,train,9.452,692x1024,42,0.8809523809523809,954.1659,798.37176,1065.4371899999999,100.94857173085062,0.80335,0.6634310802553748,41.9177131652832,67.84622955322266,0.0,250.0,0.667079682984104,0.038960892341040464
3A28_012,3A28,val,5.92,692x1024,31,0.3870967741935484,902.6606,404.8771,1111.2954,152.47645270270272,0.4639,1.2482806237451811,36.3229866027832,58.060482025146484,0.0,242.0,0.6661765037933526,0.018917370393786128
3A28_021,3A28,train,15.569,692x1024,84,0.8809523809523809,1037.2608500000001,941.80237,1139.67032,66.62347292697027,0.83675,0.48904834966493693,37.766746520996094,60.03158187866211,0.0,241.0,0.6667579253973989,0.019603222091763007
4AC1_011,4AC1,train,13.402,692x1024,84,0.8809523809523809,892.8878,810.71587,981.04319,66.62347410834204,0.83675,0.6599849128695573,38.38518524169922,60.203086853027344,0.0,236.0,0.6705230536488439,0.015457065119219654
4AC2_003,4AC2,test,11.587,692x1024,31,0.6774193548387096,1091.3692,927.4897,2179.6034,94.18910848364547,0.6793,0.32584692640380464,35.764991760253906,58.14568328857422,0.0,239.0,0.6784653856575145,0.01795209763367052
4AC2_008,4AC2,train,10.886,692x1024,35,0.5714285714285714,1051.058,609.0584,1251.01558,96.55135035825832,0.7185,0.4167977187579472,34.38092803955078,55.479835510253906,0.0,235.0,0.681555951950867,0.013213229317196531
4AC2_019,4AC2,train,7.645,692x1024,14,0.6428571428571429,932.03315,745.71397,1134.0397600000001,121.91408109875736,0.6121,0.33803915317915734,36.19972610473633,56.36198425292969,0.0,231.0,0.6678727872109826,0.012432826047687862
4AC2_036,4AC2,train,7.108,692x1024,13,0.3076923076923077,1179.8088,824.6868,2771.9835800000005,165.9832301631964,0.2672,0.3631135562958919,30.303874969482422,51.42884826660156,0.0,229.0,0.7164878183706648,0.011172608833092486
4AJ1_050,4AJ1,train,3.614,692x1024,9,0.3333333333333333,771.8869,268.10876,1186.76234,213.58242944106254,0.2401,0.9724340601545394,41.636741638183594,60.619895935058594,0.0,230.0,0.6187172597543352,0.012572536578757225
4AJ1_058,4AJ1,test,16.838,692x1024,59,0.864406779661017,1231.1255,1005.06366,1635.5186800000001,73.11589856277467,0.7001,0.2936736291559383,34.59048080444336,55.03260803222656,0.0,235.0,0.6746748554913294,0.013286612626445087
4CC1_002,4CC1,val,13.827,692x1024,64,1.0,993.69715,874.1787899999999,1121.23452,71.86643161929558,0.8449,0.4724088197680306,37.535335540771484,57.78580093383789,0.0,236.0,0.648982229949422,0.015046400830924855
4CC1_013,4CC1,train,7.487,692x1024,26,0.5384615384615384,873.31385,510.5281,1187.2488,116.64402965139575,0.56415,0.6545632682737512,40.01070022583008,61.27932357788086,0.0,241.0,0.6439695854407514,0.01971188583815029
ATCC-6633_058,ATCC-6633,train,6.746,692x1024,28,0.4642857142857143,824.8037999999999,551.42788,1496.94313,122.26560924992586,0.5781499999999999,0.8682790182693658,27.987668991088867,50.133602142333984,0.0,231.0,0.7274572118858381,0.012366498825867052
RO-H-1_026,RO-H-1,val,7.52,692x1024,31,0.7096774193548387,800.3759,610.5851,962.1056,106.43296542553192,0.8041,0.7736062353586026,39.217041015625,63.77146530151367,0.0,246.0,0.6754298568460982,0.027559666275289017
RO-H-1_031,RO-H-1,train,7.921,692x1024,37,0.7027027027027027,825.6905,583.48338,1097.7279799999997,104.2406893069057,0.765,0.832215205148919,40.61335372924805,62.481597900390625,0.0,246.0,0.6488425194183526,0.0243364455382948
RO-NN-1_007,RO-NN-1,test,12.434,692x1024,48,0.8125,960.3839,807.03961,1207.0684400000005,77.23853144603507,0.8322,0.4381405612294546,38.05037307739258,59.08701705932617,0.0,238.0,0.6601731846098265,0.015310298500722543
TU-B-10_003,TU-B-10,val,7.952,692x1024,53,0.8113207547169812,892.498,635.77686,974.31678,112.23566398390342,0.8114,1.1828156871008504,34.94275665283203,53.416568756103516,0.0,225.0,0.6557349056177746,0.010558729226878612
TU-B-10_011,TU-B-10,test,7.317,692x1024,40,0.8,872.07635,649.46683,1027.19097,119.18495968293017,0.7961,1.0543573506896189,37.59188461303711,56.66761779785156,0.0,233.0,0.6430297145953757,0.013481360639450867
