relative_path,category,bytes,sha256,generated_utc
.gitattributes,repository metadata,237,478c1e90618651e5c8657a25b818835203c388934f765b5ef3417c24e455390b,2026-09-24T22:49:42Z
.gitignore,repository metadata,40,7149f2a5a4c09210a40d20ed0d50d602f746e93b2ef6f0f124fad41778acc6cb,2026-09-24T22:49:42Z
ACORN_SOURCE_COMMIT.txt,repository metadata,156,892e2a0aa62dffc784577e79ac7ee81d437cd3200d804c62c5497e08add2e640,2026-09-24T22:49:42Z
DATA_LICENSE_PENDING.txt,repository metadata,250,43acf2d5fc3e2c89c3c2d039b8b0efaddeee54753e7ba457f8cb4d3d823a8ab3,2026-09-24T22:49:42Z
LICENSE-CODE,repository metadata,1169,4c12e81d606751a73739594753f5f9078e70eb5c9c49f2ce013921aa83846b41,2026-09-24T22:49:42Z
README.md,repository metadata,940,b23617d0545b2c09edd4ab88dc59987e5280852fd61c48e81ef642e8420701cf,2026-09-24T22:49:42Z
REPRODUCING_THE_PAPER.md,repository metadata,4406,d52e7537237856311ea64cba47d771e3fae6a0a579e047177d80700bee3eb5c4,2026-09-24T22:49:42Z
STAGING_README.md,repository metadata,1091,6ef8d393c8861ac8e657e04d048db184ab115ff70805742518e9aad9a8a53a6f,2026-09-24T22:49:42Z
environment.yml,repository metadata,335,059d48a076ae739bf0e68da84228516aa039e82ea8e89c0e78fc94e27b81d690,2026-09-24T22:49:42Z
paper/configs/model_checkpoints.csv,configuration and recorded arguments,7947,5369e5fe47204b34f500c8f8a45bbf5c496f49b7690c8ac918a1e9554bd446d8,2026-09-24T22:49:42Z
paper/configs/simulation/motion_correction_seeds.json,configuration and recorded arguments,5856,31a6dd9235a03b207684d85daf6fb8f6194392fce6aecb9f7d9ba49c0d6e56cc,2026-09-24T22:49:42Z
paper/configs/simulation/nanoparticles_tem_test_parameters.json,configuration and recorded arguments,13843,0f617ef71f347d620427a9365a7e12e30eba56e22c438bb1d4ba7a46e2466695,2026-09-24T22:49:42Z
paper/configs/simulation/nanoparticles_tem_train_parameters.json,configuration and recorded arguments,64836,7ef036d39d64d501784e3a22bf290ef304fa9e856e3830ddf62772e6e27e46ba,2026-09-24T22:49:42Z
paper/configs/simulation/nanoparticles_tem_val_parameters.json,configuration and recorded arguments,13766,780695a8a4158e96d8b7e22502c091b2571b0df44101270317613b95e28af551,2026-09-24T22:49:42Z
paper/configs/simulation/spores_sem_test_parameters.json,configuration and recorded arguments,30081,9a2d17eaf1a882e08653c89d83c64e9acdca9cb180cda66b46e8aa93463e0961,2026-09-24T22:49:42Z
paper/configs/simulation/spores_sem_train_parameters.json,configuration and recorded arguments,141087,fb8fb603ebe16ce807f5a8f2f13f869cd2f8aca633acf48617c2bfd8ec065bd3,2026-09-24T22:49:42Z
paper/configs/simulation/spores_sem_val_parameters.json,configuration and recorded arguments,30084,ba49276440d245d49df51b34f4f492775ac5cb8bbbad3664ea7b8a1fc02d1be3,2026-09-24T22:49:42Z
paper/configs/training_runs/curve_scratch_2.yaml,configuration and recorded arguments,1613,896d39966e355d13b68241141b5dd21c3f0814ec903dd32b23913417ac68a637,2026-09-24T22:49:42Z
paper/configs/training_runs/curve_scratch_4.yaml,configuration and recorded arguments,1613,05bda8577bd8cc5ff829183f554b3565b84e66b865c2c33aee541445adc4ba50,2026-09-24T22:49:42Z
paper/configs/training_runs/curve_sim_2.yaml,configuration and recorded arguments,1629,0883780021148c387636820f352f6228ecbe068c511d5c296d4294ef541c1581,2026-09-24T22:49:42Z
paper/configs/training_runs/curve_sim_4.yaml,configuration and recorded arguments,1629,e0057cd88d1684d831ff93ac14984283a631ceba7a5ac2c9fd6f891af7c41329,2026-09-24T22:49:42Z
paper/configs/training_runs/nanoparticles_tem.yaml,configuration and recorded arguments,1631,44644327b537244fa403d93f2da333f3559c5faeee499873950bb5b4de6bc3cd,2026-09-24T22:49:42Z
paper/configs/training_runs/real_ft_scratch.yaml,configuration and recorded arguments,1610,e2c676f89ea31fbcf468fef68ea184f0ce08a95bb64366d47b957609a5f9a1c4,2026-09-24T22:49:42Z
paper/configs/training_runs/real_ft_sim.yaml,configuration and recorded arguments,1626,5e6bf073ea27071317ec864840adc30c574c3a6dfa19d998924a7d8171ed37d0,2026-09-24T22:49:42Z
paper/configs/training_runs/rep_natural_2_0.yaml,configuration and recorded arguments,1628,0f8e3c6a9b7ddf9f7e82a64f1309503ffb996b6ef3686929cb70719c10ac3aa3,2026-09-24T22:49:42Z
paper/configs/training_runs/rep_natural_2_1.yaml,configuration and recorded arguments,1628,5ea139c29287a7cc157b763aaff04641e37999aaccc5f46d7cd303b244f9b383,2026-09-24T22:49:42Z
paper/configs/training_runs/rep_natural_2_2.yaml,configuration and recorded arguments,1628,fe01ca571a49f636b66f895db3c9676fd3828d0e18d4e4f4e6550ca27c4d966f,2026-09-24T22:49:42Z
paper/configs/training_runs/rep_natural_2_3.yaml,configuration and recorded arguments,1628,15ae4897ef34f3e112335fb3cbb00d32eecd8f4fe4cfa4e10cd268c18947179a,2026-09-24T22:49:42Z
paper/configs/training_runs/rep_natural_4_0.yaml,configuration and recorded arguments,1628,c724c27063d013c45d7147fbcfd90f9c6e9fe8a34d4640ab5866722a5cbde444,2026-09-24T22:49:42Z
paper/configs/training_runs/rep_natural_4_1.yaml,configuration and recorded arguments,1628,67f18a8c961b7b3c02b4a0447ac3d7df743a35c75ad7427482d353aa77c1f2a9,2026-09-24T22:49:42Z
paper/configs/training_runs/rep_natural_4_2.yaml,configuration and recorded arguments,1628,d36ad1e09fd3a173efac58f54c7d1581e496c5fc4d3e9f2cba8c6fca4c781b27,2026-09-24T22:49:42Z
paper/configs/training_runs/rep_natural_4_3.yaml,configuration and recorded arguments,1628,175d945b8ddbdc005b02677b6cb9a330b37fc6fc1eeb399496faa4b39b544f3f,2026-09-24T22:49:42Z
paper/configs/training_runs/rep_natural_8_0.yaml,configuration and recorded arguments,1628,76cfefffea27140e74e3123f1e737f7dd7ad5914bd1c4dc370d4b11ce4357407,2026-09-24T22:49:42Z
paper/configs/training_runs/rep_natural_8_1.yaml,configuration and recorded arguments,1628,5ba7e8591a0843d9119135af4328becc00bb20f944998487e0bd1371939f6d70,2026-09-24T22:49:42Z
paper/configs/training_runs/rep_natural_8_2.yaml,configuration and recorded arguments,1628,9641611bd3df4a85159c1ab6aef2547d7336c51c72c6bfd196f9874eb208f9e8,2026-09-24T22:49:42Z
paper/configs/training_runs/rep_natural_8_3.yaml,configuration and recorded arguments,1628,2022cd1f86fb761336df83d62c916d974bd3721c8a7a6ff1268e5acf2072a5da,2026-09-24T22:49:42Z
paper/configs/training_runs/rep_natural_8_4.yaml,configuration and recorded arguments,1628,f6f82066a7144f5f12fdf5eaf66ad1b3865750d9e4d5158876c97b35335a6fec,2026-09-24T22:49:42Z
paper/configs/training_runs/rep_natural_8_5.yaml,configuration and recorded arguments,1628,46218731b1aefd38ca230e6d932a1e32b694dc6c24121f3a9add4d6f47e993e4,2026-09-24T22:49:42Z
paper/configs/training_runs/rep_natural_8_6.yaml,configuration and recorded arguments,1628,ba84ef9179068f4bfaac390374ddf630a02f4dc54da17575e50087e7b45e1d0a,2026-09-24T22:49:42Z
paper/configs/training_runs/rep_natural_8_7.yaml,configuration and recorded arguments,1628,7f02edf899f1a1c28cc992c4ae889f42319b3bb399ba45eb460f3aa653aa5639,2026-09-24T22:49:42Z
paper/configs/training_runs/rep_natural_8_8.yaml,configuration and recorded arguments,1628,ea84afa3fc16e6b85834c7db88d2ebc8fab1e19ac967eff9d37d9f3ef283d5db,2026-09-24T22:49:42Z
paper/configs/training_runs/rep_natural_8_9.yaml,configuration and recorded arguments,1628,bfa23a1710e6bfaf5714f9cd0f50879e4aa24922b32fbeecd80a246355d39c9b,2026-09-24T22:49:42Z
paper/configs/training_runs/rep_simulation_2_0.yaml,configuration and recorded arguments,1658,1aef286cbb23c03bbc3e64d893ef9ba44923b0c092f23bfd7dbf7e431309b582,2026-09-24T22:49:42Z
paper/configs/training_runs/rep_simulation_2_1.yaml,configuration and recorded arguments,1658,a940d8937d836263571cf96071abc1297892987317120e6ed1d08953305dd7aa,2026-09-24T22:49:42Z
paper/configs/training_runs/rep_simulation_2_2.yaml,configuration and recorded arguments,1658,65a90f83e382d70efb548968ddbc8814e1e746bf14187b852e26eabefa455300,2026-09-24T22:49:42Z
paper/configs/training_runs/rep_simulation_2_3.yaml,configuration and recorded arguments,1658,113cc627f5cdaef85a82f0890f8dd1b55a64e61479b7f14bafca377c9486c962,2026-09-24T22:49:42Z
paper/configs/training_runs/rep_simulation_4_0.yaml,configuration and recorded arguments,1658,cc889d7ab6dbd4504b1ece7402014d96f1cf2dc653844ad75b97354fe6bea0db,2026-09-24T22:49:42Z
paper/configs/training_runs/rep_simulation_4_1.yaml,configuration and recorded arguments,1658,739d09a681331a7af7b2717dfd55288e4f99a8c7e23b610170bfa632bf7a6205,2026-09-24T22:49:42Z
paper/configs/training_runs/rep_simulation_4_2.yaml,configuration and recorded arguments,1658,bad334f7bec4e8116cf3f0689319525928fb8ed94d4a39c2f35ec41633b2ece1,2026-09-24T22:49:42Z
paper/configs/training_runs/rep_simulation_4_3.yaml,configuration and recorded arguments,1658,4efb75914402c87bf7067a427ec5b866eda0b72168b30a0855eae3eafda6e121,2026-09-24T22:49:42Z
paper/configs/training_runs/rep_simulation_8_0.yaml,configuration and recorded arguments,1658,a33f0af163e19f7cd1e60da36757f49cb38e5d68e9f6ce5312b8201c436d4a6f,2026-09-24T22:49:42Z
paper/configs/training_runs/rep_simulation_8_1.yaml,configuration and recorded arguments,1658,cd0d9f59d8c55bf1ca8164d6c313b2d8b7d8a805183da3a5f36989409d092367,2026-09-24T22:49:42Z
paper/configs/training_runs/rep_simulation_8_2.yaml,configuration and recorded arguments,1658,c181d0a2bd9a34daabe7952a0f7ff2ed52712c17fe4eb604eb9b960bf41d0c83,2026-09-24T22:49:42Z
paper/configs/training_runs/rep_simulation_8_3.yaml,configuration and recorded arguments,1658,64e9a7c034f72ff236f749ae954c65f36fd100c8c0928db6f588208c33bd6e32,2026-09-24T22:49:42Z
paper/configs/training_runs/rep_simulation_8_4.yaml,configuration and recorded arguments,1658,f9efa60973f5e41b3794b700ed89b9242fb0dc78807481eb2ef5aadcd40d2b59,2026-09-24T22:49:42Z
paper/configs/training_runs/rep_simulation_8_5.yaml,configuration and recorded arguments,1658,4abaf1fc579a59b78b5db22442d0221f4208a27d19e8d4db754477ed3fb33668,2026-09-24T22:49:42Z
paper/configs/training_runs/rep_simulation_8_6.yaml,configuration and recorded arguments,1658,93e4265e1535486f6a9538597643b6aa0f94f35fcd32b434ab6fda281639b918,2026-09-24T22:49:42Z
paper/configs/training_runs/rep_simulation_8_7.yaml,configuration and recorded arguments,1658,5ed0ffc401416deeb116ed16e7a44dcd3bc586b00cb367598a677967831ce3bd,2026-09-24T22:49:42Z
paper/configs/training_runs/rep_simulation_8_8.yaml,configuration and recorded arguments,1658,b8e68794f2ed1666a6f4b61cfd7d09d93c5966e12a1abb411ed02c4a12f9940a,2026-09-24T22:49:42Z
paper/configs/training_runs/rep_simulation_8_9.yaml,configuration and recorded arguments,1658,05215f1ecd23defcd868471b68ef72aa1a7b6cd288641c84906313484ef2a370,2026-09-24T22:49:42Z
paper/configs/training_runs/spores_sem.yaml,configuration and recorded arguments,1610,c9d4afe385efe405120d777241166b5aa2a81dc265521487e51350e71b0cdb25,2026-09-24T22:49:42Z
paper/data/annotations/acquired_heldout_train/10A5_009.txt,paper data and provenance,52884,2ffd992a4c56dc8ef586e13862a580d12720bf12ba5056fd07cde2df58cc734a,2026-09-24T22:49:42Z
paper/data/annotations/acquired_heldout_train/27E1_013.txt,paper data and provenance,21460,7c3bb9159d1eb3c097a7e28c70449ce215cd0bd12ddf850662e10a3187ee771d,2026-09-24T22:49:42Z
paper/data/annotations/acquired_heldout_train/28A4_004.txt,paper data and provenance,43292,c76c9ed3cabfc9bbe5ca83d799ac3b5d14da7283662d05a3562a5f3b567f22c2,2026-09-24T22:49:42Z
paper/data/annotations/acquired_heldout_train/28A4_009.txt,paper data and provenance,24882,52a85947dda83e4c1196a10083081d3418436158122338534b2e94dc3f46b0ff,2026-09-24T22:49:42Z
paper/data/annotations/acquired_heldout_train/3A28_021.txt,paper data and provenance,35784,5f4d8409289fa5fd15f90eff2ee50970a0719ad32e1b6b5097427025891bd480,2026-09-24T22:49:42Z
paper/data/annotations/acquired_heldout_train/4AC2_019.txt,paper data and provenance,11452,6599229b8ce6a6fdedd8119a9655b923cf817541d0a75a571d2b9f5caccf66b4,2026-09-24T22:49:42Z
paper/data/annotations/acquired_heldout_train/4CC1_002.txt,paper data and provenance,22272,a960090165040a37985d10f80fca419e052b6bd185c2a4cb8491fc8113e63a09,2026-09-24T22:49:42Z
paper/data/annotations/acquired_heldout_train/RO-NN-1_007.txt,paper data and provenance,24608,96d88ff48de76c3c2ce851283004e478c902f056945cf63d71d9d2c3ae9a2223,2026-09-24T22:49:42Z
paper/data/annotations/acquired_heldout_val/10A5_013.txt,paper data and provenance,28484,6a1f85b3d4546d179d70be4e3f2866c58209a086f157c0879cc31315d0f08433,2026-09-24T22:49:42Z
paper/data/annotations/acquired_heldout_val/168WT008.txt,paper data and provenance,18378,630cd60f4beed21227c38759e32545ca862c22764254213dbe73716e2f536689,2026-09-24T22:49:42Z
paper/data/annotations/acquired_heldout_val/27E1_002.txt,paper data and provenance,23990,0c79694a449f6e85c303e6ec1c94be2e72eaaa6520f5952bfd2c7d762fda2ea7,2026-09-24T22:49:42Z
paper/data/annotations/acquired_heldout_val/27E1_004.txt,paper data and provenance,13582,14598aaea7acfd961a98564c7f2f1505ac5b08d929687b337e36ea0abd0b44f3,2026-09-24T22:49:42Z
paper/data/annotations/acquired_heldout_val/3A28_004.txt,paper data and provenance,22708,145b9e67c5f823e245fe59e1e9e64e08fb8cbdd8886e44c55647172f6891939d,2026-09-24T22:49:42Z
paper/data/annotations/acquired_heldout_val/3A28_012.txt,paper data and provenance,27870,1dfa5fd595afae2225e80a51cdc2938f645f776ef898f05e659a7361a90d52ed,2026-09-24T22:49:42Z
paper/data/annotations/acquired_heldout_val/4AC1_011.txt,paper data and provenance,35784,5f4d8409289fa5fd15f90eff2ee50970a0719ad32e1b6b5097427025891bd480,2026-09-24T22:49:42Z
paper/data/annotations/acquired_heldout_val/4AC2_003.txt,paper data and provenance,21374,0fe3c39012ed6129c04f9b80e32191824e8da7706ccc1904912fa738c0e7e691,2026-09-24T22:49:42Z
paper/data/annotations/acquired_heldout_val/4AC2_008.txt,paper data and provenance,24822,24d6f4c96810ba2733a3f7ad908d6a748279c1a3d5be927d387aa624fef00d8d,2026-09-24T22:49:42Z
paper/data/annotations/acquired_heldout_val/4AC2_036.txt,paper data and provenance,13178,ce3935dcc12c0ae13eadbe1bc211d62317b056e3fc69dcbfc3b55b41ffc4a7d1,2026-09-24T22:49:42Z
paper/data/annotations/acquired_heldout_val/4AJ1_050.txt,paper data and provenance,10834,bf6fd0eae1fc535368a44d0c08ef8d28e96b4989978ad505a4d5c754ab97ded4,2026-09-24T22:49:42Z
paper/data/annotations/acquired_heldout_val/4AJ1_058.txt,paper data and provenance,28246,959c88df1ebf1de34e441a4920494e9efec72ab2350672830ff549becc9377fc,2026-09-24T22:49:42Z
paper/data/annotations/acquired_heldout_val/4CC1_013.txt,paper data and provenance,22052,9cba5c4124753ebaecbb64f8b98a5aca9784a2174f6943e31bbe661444194c89,2026-09-24T22:49:42Z
paper/data/annotations/acquired_heldout_val/ATCC-6633_058.txt,paper data and provenance,22280,c87077469c06093ab487c2b024f3374bae906a7cbb0bf16455bb116a7ac85b9c,2026-09-24T22:49:42Z
paper/data/annotations/acquired_heldout_val/RO-H-1_026.txt,paper data and provenance,20158,2e5d4b251105a66fe28f5f7c1affcbb2721dba7b2ee53a2e27f6b194866651b7,2026-09-24T22:49:42Z
paper/data/annotations/acquired_heldout_val/RO-H-1_031.txt,paper data and provenance,21034,a8f3e113c5358517af2df9a025f3838ac690e28c68baf14300d843bc7049b69a,2026-09-24T22:49:42Z
paper/data/annotations/acquired_heldout_val/TU-B-10_003.txt,paper data and provenance,29898,086f51d86fd62c4021bec6a1db8c498c1274732d198dc93fec09028570a1c3f4,2026-09-24T22:49:42Z
paper/data/annotations/acquired_heldout_val/TU-B-10_011.txt,paper data and provenance,24816,eef92cdb7fb761bdf314c1337362e6ab396ff0db3e4243c7890c0369254741d3,2026-09-24T22:49:42Z
paper/data/annotations/acquired_sem/10A5_009.txt,paper data and provenance,52884,2ffd992a4c56dc8ef586e13862a580d12720bf12ba5056fd07cde2df58cc734a,2026-09-24T22:49:42Z
paper/data/annotations/acquired_sem/10A5_013.txt,paper data and provenance,28484,6a1f85b3d4546d179d70be4e3f2866c58209a086f157c0879cc31315d0f08433,2026-09-24T22:49:42Z
paper/data/annotations/acquired_sem/168WT008.txt,paper data and provenance,18378,630cd60f4beed21227c38759e32545ca862c22764254213dbe73716e2f536689,2026-09-24T22:49:42Z
paper/data/annotations/acquired_sem/27E1_002.txt,paper data and provenance,23990,0c79694a449f6e85c303e6ec1c94be2e72eaaa6520f5952bfd2c7d762fda2ea7,2026-09-24T22:49:42Z
paper/data/annotations/acquired_sem/27E1_004.txt,paper data and provenance,13582,14598aaea7acfd961a98564c7f2f1505ac5b08d929687b337e36ea0abd0b44f3,2026-09-24T22:49:42Z
paper/data/annotations/acquired_sem/27E1_013.txt,paper data and provenance,21460,7c3bb9159d1eb3c097a7e28c70449ce215cd0bd12ddf850662e10a3187ee771d,2026-09-24T22:49:42Z
paper/data/annotations/acquired_sem/28A4_004.txt,paper data and provenance,43292,c76c9ed3cabfc9bbe5ca83d799ac3b5d14da7283662d05a3562a5f3b567f22c2,2026-09-24T22:49:42Z
paper/data/annotations/acquired_sem/28A4_009.txt,paper data and provenance,24882,52a85947dda83e4c1196a10083081d3418436158122338534b2e94dc3f46b0ff,2026-09-24T22:49:42Z
paper/data/annotations/acquired_sem/3A28_004.txt,paper data and provenance,22708,145b9e67c5f823e245fe59e1e9e64e08fb8cbdd8886e44c55647172f6891939d,2026-09-24T22:49:42Z
paper/data/annotations/acquired_sem/3A28_012.txt,paper data and provenance,27870,1dfa5fd595afae2225e80a51cdc2938f645f776ef898f05e659a7361a90d52ed,2026-09-24T22:49:42Z
paper/data/annotations/acquired_sem/3A28_021.txt,paper data and provenance,35784,5f4d8409289fa5fd15f90eff2ee50970a0719ad32e1b6b5097427025891bd480,2026-09-24T22:49:42Z
paper/data/annotations/acquired_sem/4AC1_011.txt,paper data and provenance,35784,5f4d8409289fa5fd15f90eff2ee50970a0719ad32e1b6b5097427025891bd480,2026-09-24T22:49:42Z
paper/data/annotations/acquired_sem/4AC2_003.txt,paper data and provenance,21374,0fe3c39012ed6129c04f9b80e32191824e8da7706ccc1904912fa738c0e7e691,2026-09-24T22:49:42Z
paper/data/annotations/acquired_sem/4AC2_008.txt,paper data and provenance,24822,24d6f4c96810ba2733a3f7ad908d6a748279c1a3d5be927d387aa624fef00d8d,2026-09-24T22:49:42Z
paper/data/annotations/acquired_sem/4AC2_019.txt,paper data and provenance,11452,6599229b8ce6a6fdedd8119a9655b923cf817541d0a75a571d2b9f5caccf66b4,2026-09-24T22:49:42Z
paper/data/annotations/acquired_sem/4AC2_036.txt,paper data and provenance,13178,ce3935dcc12c0ae13eadbe1bc211d62317b056e3fc69dcbfc3b55b41ffc4a7d1,2026-09-24T22:49:42Z
paper/data/annotations/acquired_sem/4AJ1_050.txt,paper data and provenance,10834,bf6fd0eae1fc535368a44d0c08ef8d28e96b4989978ad505a4d5c754ab97ded4,2026-09-24T22:49:42Z
paper/data/annotations/acquired_sem/4AJ1_058.txt,paper data and provenance,28246,959c88df1ebf1de34e441a4920494e9efec72ab2350672830ff549becc9377fc,2026-09-24T22:49:42Z
paper/data/annotations/acquired_sem/4CC1_002.txt,paper data and provenance,22272,a960090165040a37985d10f80fca419e052b6bd185c2a4cb8491fc8113e63a09,2026-09-24T22:49:42Z
paper/data/annotations/acquired_sem/4CC1_013.txt,paper data and provenance,22052,9cba5c4124753ebaecbb64f8b98a5aca9784a2174f6943e31bbe661444194c89,2026-09-24T22:49:42Z
paper/data/annotations/acquired_sem/ATCC-6633_058.txt,paper data and provenance,22280,c87077469c06093ab487c2b024f3374bae906a7cbb0bf16455bb116a7ac85b9c,2026-09-24T22:49:42Z
paper/data/annotations/acquired_sem/RO-H-1_026.txt,paper data and provenance,20158,2e5d4b251105a66fe28f5f7c1affcbb2721dba7b2ee53a2e27f6b194866651b7,2026-09-24T22:49:42Z
paper/data/annotations/acquired_sem/RO-H-1_031.txt,paper data and provenance,21034,a8f3e113c5358517af2df9a025f3838ac690e28c68baf14300d843bc7049b69a,2026-09-24T22:49:42Z
paper/data/annotations/acquired_sem/RO-NN-1_007.txt,paper data and provenance,24608,96d88ff48de76c3c2ce851283004e478c902f056945cf63d71d9d2c3ae9a2223,2026-09-24T22:49:42Z
paper/data/annotations/acquired_sem/TU-B-10_003.txt,paper data and provenance,29898,086f51d86fd62c4021bec6a1db8c498c1274732d198dc93fec09028570a1c3f4,2026-09-24T22:49:42Z
paper/data/annotations/acquired_sem/TU-B-10_011.txt,paper data and provenance,24816,eef92cdb7fb761bdf314c1337362e6ab396ff0db3e4243c7890c0369254741d3,2026-09-24T22:49:42Z
paper/data/example_cryo_images/FoilHole_14663539_Data_14664769_14664771.png,paper data and provenance,245982,a7e4b3f0f6f1df4c75600f4784c39a2d172f18356cd3737c94a9cd86eb67b8b4,2026-09-24T22:49:42Z
paper/data/example_cryo_images/FoilHole_14663539_Data_14664782_14664784.png,paper data and provenance,248886,3ac0aacef9e0bb6602f76ec69a039d90e38857dfab3881014ba7100d32416617,2026-09-24T22:49:42Z
paper/data/example_images/10A5_013.png,paper data and provenance,389754,32c8807f10e3b97346e4686c6525826e545b875763ae12d201aaefe4dd90cc9b,2026-09-24T22:49:42Z
paper/data/example_images/168WT008.png,paper data and provenance,298913,1efa1a07681480de2c698a9ca026aec8e9f4fea298f68803db8fcd54c6a7184c,2026-09-24T22:49:42Z
paper/data/example_images/27E1_002.png,paper data and provenance,290902,5c0cccef74af6d662f49ed4bd51b3002088dc9b29f989414267bde60b45e4766,2026-09-24T22:49:42Z
paper/data/example_images/27E1_004.png,paper data and provenance,296260,fcbc35c55bbd8178e583c407eb759523de2fed7761780f62f6c8579c70d5d660,2026-09-24T22:49:42Z
paper/data/example_images/3A28_004.png,paper data and provenance,336733,6d8fdd3bafd1125bf4f96ed0bd9d803a18d75040f8893ceb550533e8bfeddb26,2026-09-24T22:49:42Z
paper/data/example_images/3A28_012.png,paper data and provenance,304194,477cb1766a1158c8d155a12bdac8dc79b693683e42ae12c730154e26978adc75,2026-09-24T22:49:42Z
paper/data/example_images/4AC1_011.png,paper data and provenance,270823,8b87fe906a2a465e038eeae4b3ccb7a7140e96327a13e9e3bdd679d0ac77d58c,2026-09-24T22:49:42Z
paper/data/example_images/4AC2_003.png,paper data and provenance,336262,0cf51fe28f62ca556c2da24343365fba510d70b672059ceed6107d51549d0a4c,2026-09-24T22:49:42Z
paper/data/example_images/4AC2_008.png,paper data and provenance,331610,5ca997a43de67e9eddbd1ae6f6ee83a5a570f10077db0cb79b9e57cc9914175b,2026-09-24T22:49:42Z
paper/data/example_images/4AC2_036.png,paper data and provenance,452570,9208f7858c0e7bba9c8175f0ca3d5a8d01c7e422495149ba0edda009c2ebe83b,2026-09-24T22:49:42Z
paper/data/example_images/4AJ1_050.png,paper data and provenance,273269,732fc0f1f12cb31d26a622be5af87f2f390a85162579252c5fd2664d4241fd93,2026-09-24T22:49:42Z
paper/data/example_images/4AJ1_058.png,paper data and provenance,357330,459cca1b2551755c4a117fd87d8acdd34265bbf7f77883b383d685e5aff48312,2026-09-24T22:49:42Z
paper/data/example_images/4CC1_013.png,paper data and provenance,322158,ff11b03406fb977a5edd3a0c3b425b893340a1e97f3fafddace5dcf90559dfc7,2026-09-24T22:49:42Z
paper/data/example_images/ATCC-6633_058.png,paper data and provenance,325530,33f1364179814262709fe0286cbf7f56c6ee390534e083bff14c0443657ae21e,2026-09-24T22:49:42Z
paper/data/example_images/RO-H-1_026.png,paper data and provenance,354839,b72cfb85cc89373dfbd6d7d8efffb8b3a373e5c958f8233696bf2c146c6a42b2,2026-09-24T22:49:42Z
paper/data/example_images/RO-H-1_031.png,paper data and provenance,349027,4a049a9fcf4a178203409d45547e3c7a80d8758b34fcf332c8bcd18e6e26a97b,2026-09-24T22:49:42Z
paper/data/example_images/TU-B-10_003.png,paper data and provenance,318071,eb9360afa8c958fcb907f9c2b71a8cd20566e2610700ca6ada3b68e88468eccb,2026-09-24T22:49:42Z
paper/data/example_images/TU-B-10_011.png,paper data and provenance,329454,21149c92ff40203d1188e7f03f5ff0e2c3235236cc4f848154dc68d9d645ac42,2026-09-24T22:49:42Z
paper/data/figure2_motion_dose/acorn_particle_tracks.csv,paper data and provenance,9079,9b2998f481dddecfc791b5702f13fcd415126d213d7c4356293d01411ae20046,2026-09-24T22:49:42Z
paper/data/figure2_motion_dose/bin_width_metrics.csv,paper data and provenance,265,6cfdec35ba934ef715e7ba86e7bf8e6f9c8c178059325c6a1bae4996455d0d10,2026-09-24T22:49:42Z
paper/data/figure2_motion_dose/dose_resolved_measurements.csv,paper data and provenance,1783,42671f3584cbe28a6db12b488d502f667e05152a8530902179cd2a9a3cc77edf,2026-09-24T22:49:42Z
paper/data/figure2_motion_dose/figure2_metadata.json,paper data and provenance,1784,076ddc48f6acc0d404f260f3b38891d609848d8c5ebd7c01c118e6e78c9751c1,2026-09-24T22:49:42Z
paper/data/figure2_motion_dose/frame_trajectories.csv,paper data and provenance,4043,97912a83f5a3e5c50a80c5b41a50a214a28f9f81a8707663e8629e2e32984fab,2026-09-24T22:49:42Z
paper/data/figure_source_data/S3_metadata.json,paper data and provenance,496,865b10ffbd9b030b4621ea61362f4369c19b00441f11d2507626e24ab6dc35ed,2026-09-24T22:49:42Z
paper/data/figure_source_data/ann_features.json,paper data and provenance,357567,416f007f54bff4719b7acc8d6d96129751892ffca12b6baf3513eac9371d1ee7,2026-09-24T22:49:42Z
paper/data/figure_source_data/annotation_classification.json,paper data and provenance,199200,8011af47b555fdcb855b0ca481e586a93f937f725b6307e8c597064c067d8772,2026-09-24T22:49:42Z
paper/data/figure_source_data/burden_n8_extended.json,paper data and provenance,3594,ec3258323b2e9cd3c2b414711a0c88e844c3d7465405e42161411349c0a809ed,2026-09-24T22:49:42Z
paper/data/figure_source_data/burden_replicates.json,paper data and provenance,5115,f29852470b9aea37b1676bfada64821eb831a4c8dd790080e7a0a1cbb8db1cda,2026-09-24T22:49:42Z
paper/data/figure_source_data/figureS10_metadata.json,paper data and provenance,1423,a3af377e243303d1d1074e5925bf1fd6ab398d1c81fa294049f8edf811bea4f7,2026-09-24T22:49:42Z
paper/data/figure_source_data/figure_metadata.json,paper data and provenance,22318,51e56251c3fb06e37e98436c7a7a445325e9ae5c1ce1b7218d053a2d242b4049,2026-09-24T22:49:42Z
paper/data/figure_source_data/kernel_fidelity.json,paper data and provenance,2077,ba3443d114e2444a057adf84fd3d0ffc57cd5a5ff80f7da8cd923be4ae44a9c1,2026-09-24T22:49:42Z
paper/data/figure_source_data/main_tables/table2.csv,paper data and provenance,165,0afe89cffbbf31e695ceffd01601589e9f941660ef00527e5be72d5a28065b68,2026-09-24T22:49:42Z
paper/data/figure_source_data/main_tables/table2.pdf,paper data and provenance,40426,c0ec565f8c042d6efb7114af742e5b93cbb06b9b647404149f7320c40781c016,2026-09-24T22:49:42Z
paper/data/figure_source_data/main_tables/table2.png,paper data and provenance,111337,1ad777e8a1e857e81ff49a63f47bdd6b8c058cabdd9926fb60466484daa065d5,2026-09-24T22:49:42Z
paper/data/figure_source_data/plga_reference.json,paper data and provenance,202969,aca9fd708d952291777bad2bf4b5877083fbbbd26c13f7de9be0569d23dd83e6,2026-09-24T22:49:42Z
paper/data/figure_source_data/real_plga_stats.json,paper data and provenance,244,569a924db327fd0a0439f4c8583f81541ba872e4cd34bad1d649bcfb86ea2408,2026-09-24T22:49:42Z
paper/data/figure_source_data/real_sem_stats.json,paper data and provenance,520,faa7c70e15ab577c897618fa56bd0c98bbb5b4f84eb3babd288a297dc5e235d0,2026-09-24T22:49:42Z
paper/data/figure_source_data/si_metadata.json,paper data and provenance,20618,828d345501019724bc7fc80c6f4845eb70d72fdae9e011c27566651e5f3a49bf,2026-09-24T22:49:42Z
paper/data/figure_source_data/sim_all_runs.json,paper data and provenance,33774,c43df623ea5ace8aeb6d42cc697a2095ea3c56bfc7481dfb87de2400e55091e7,2026-09-24T22:49:42Z
paper/data/figure_source_data/supplementary_tables/tableS1.csv,paper data and provenance,624,62f5762d9cbeaf2260e6e8ee408e62707b859350b3933902008adeb57f0012f8,2026-09-24T22:49:42Z
paper/data/figure_source_data/supplementary_tables/tableS1.pdf,paper data and provenance,44583,a93d605a1fbdb66629610687a2c7d98d68cd351749560f56cf6515be807b5a86,2026-09-24T22:49:42Z
paper/data/figure_source_data/supplementary_tables/tableS1.png,paper data and provenance,253230,06ddf2f7ba0ea50c59902fe057dca877263afecf65bea67825827217747cfcfd,2026-09-24T22:49:42Z
paper/data/figure_source_data/supplementary_tables/tableS10.csv,paper data and provenance,395,57d6f797947f6312bc172404595823508403782dc7df39878707e0cf93016c6a,2026-09-24T22:49:42Z
paper/data/figure_source_data/supplementary_tables/tableS10b.csv,paper data and provenance,756,3bc60e509f2ca8a12ce605beea36206e61dde24dbad6709533b758f0c84bbea8,2026-09-24T22:49:42Z
paper/data/figure_source_data/supplementary_tables/tableS11.csv,paper data and provenance,4337,af67735441cc144fc5a90a336e70037cabedc61706e7a354f22d12fdb9d8a686,2026-09-24T22:49:42Z
paper/data/figure_source_data/supplementary_tables/tableS12.csv,paper data and provenance,525,5b3b717eb0591541d3ee41c54af05ca9d0c594652b311e790666a145839db67d,2026-09-24T22:49:42Z
paper/data/figure_source_data/supplementary_tables/tableS13_simulation_initialization.csv,paper data and provenance,596,b883f4e054d91246918747cc65ed44a81ab227d7e37ada5d822b17304d423a5b,2026-09-24T22:49:42Z
paper/data/figure_source_data/supplementary_tables/tableS14_motion_correction.csv,paper data and provenance,598,c190d5bf226fc44191ebc98e3f8f9f7177941fd6be0c52ee6b15dc58a411e552,2026-09-24T22:49:42Z
paper/data/figure_source_data/supplementary_tables/tableS15_sem_intensity_and_field_variation.csv,paper data and provenance,678,d1cd9b186949678f35f70a0b51e466567176356b99d3f4bf9b3262677269289a,2026-09-24T22:49:42Z
paper/data/figure_source_data/supplementary_tables/tableS2.csv,paper data and provenance,711,37c586af0e14e938fa2b936e29388a0ab170718fd59665947aeff3bcecca2975,2026-09-24T22:49:42Z
paper/data/figure_source_data/supplementary_tables/tableS2.pdf,paper data and provenance,72432,a8e6ced67ecb14d16b7ac436b423656d2bdf43bd374b783f5cfaf47483ad3309,2026-09-24T22:49:42Z
paper/data/figure_source_data/supplementary_tables/tableS2.png,paper data and provenance,307149,20e83abdb3b263bfc50b5f76fcc7853337e892f59a366c6a30d769b937c7353e,2026-09-24T22:49:42Z
paper/data/figure_source_data/supplementary_tables/tableS3.csv,paper data and provenance,697,b681a9d57a4c0da8273fdb1ce4e42ea0335109c7ef405798e996106f2d51330e,2026-09-24T22:49:42Z
paper/data/figure_source_data/supplementary_tables/tableS3.pdf,paper data and provenance,71388,a47a20518f13dbe0060a76182856323cd0f35a99083f0c926c3279d960a360dc,2026-09-24T22:49:42Z
paper/data/figure_source_data/supplementary_tables/tableS3.png,paper data and provenance,325719,9ec5fdfd14396cf147512f25992decf1f7f0d9c2745b348aa9a37f9252c98259,2026-09-24T22:49:42Z
paper/data/figure_source_data/supplementary_tables/tableS4.csv,paper data and provenance,202,e30e33bbffc89ae85d65659e3b7b3c3b904941f8fb6c3f331185b23b95bfd370,2026-09-24T22:49:42Z
paper/data/figure_source_data/supplementary_tables/tableS4.pdf,paper data and provenance,41984,6d2f508a99fb46d6507e26ca977780f94b8e7e3b505636e0a8be675fc870823c,2026-09-24T22:49:42Z
paper/data/figure_source_data/supplementary_tables/tableS4.png,paper data and provenance,103810,5571d9780d98c8d1aab1bb0648e177988646ea32b978309fce53c36504b26e74,2026-09-24T22:49:42Z
paper/data/figure_source_data/supplementary_tables/tableS5.csv,paper data and provenance,413,2bb0fd61ca260f5c6a8d10d1a7f06e1923e02641d6c173e11d5a30842b20559b,2026-09-24T22:49:42Z
paper/data/figure_source_data/supplementary_tables/tableS5.pdf,paper data and provenance,71219,a6734254041c0b6649573d2469328cdc14758e08ee46a77948db7c0b569997db,2026-09-24T22:49:42Z
paper/data/figure_source_data/supplementary_tables/tableS5.png,paper data and provenance,216832,e2907fe1048f6eac15ad81161ad9088098146909bd70d25f3f30650816a05a66,2026-09-24T22:49:42Z
paper/data/figure_source_data/supplementary_tables/tableS6.csv,paper data and provenance,202,08bd8fc4a1d57467d0e4b18b092d1e233d2fdcd1fe75cac1c4c4366bcc75ba76,2026-09-24T22:49:42Z
paper/data/figure_source_data/supplementary_tables/tableS6.pdf,paper data and provenance,19675,dc4394c410655dfbf7f4e6921dbcff91b104c2807fe0879ffdd92da219069648,2026-09-24T22:49:42Z
paper/data/figure_source_data/supplementary_tables/tableS6.png,paper data and provenance,115292,0e253294e87a64e0d3221b6f73d325c17f80cc206db58e0065d15bd0fb2512cf,2026-09-24T22:49:42Z
paper/data/figure_source_data/supplementary_tables/tableS7.csv,paper data and provenance,296,7f9dfd337b11c34960dcc014e1bbf7a3dd17821e0de8d5b0d27265068d13089b,2026-09-24T22:49:42Z
paper/data/figure_source_data/supplementary_tables/tableS7.pdf,paper data and provenance,46366,2d669d6d9534e6c4013253cccaeb92aa7620dd573c052556633db1e6d0139ad3,2026-09-24T22:49:42Z
paper/data/figure_source_data/supplementary_tables/tableS7.png,paper data and provenance,159068,9bee299f55f081e53f4d9232a0c6c4621802bbae55dadb305ca50635e72a0720,2026-09-24T22:49:42Z
paper/data/figure_source_data/supplementary_tables/tableS8.csv,paper data and provenance,184,0dd30b32bf5f5e482f434fc9fcfb77a7fe5edc39aefc11d391a196fdc75fe7a1,2026-09-24T22:49:42Z
paper/data/figure_source_data/supplementary_tables/tableS8.pdf,paper data and provenance,85115,855896e446a746680757865a6b9959cfa2b88d34d24858b938d820cc62e6fa6a,2026-09-24T22:49:42Z
paper/data/figure_source_data/supplementary_tables/tableS8.png,paper data and provenance,103414,1b1f4374b621613c844be8437b3a537bc46663e4f80f8170dec6b167496ef6bf,2026-09-24T22:49:42Z
paper/data/figure_source_data/supplementary_tables/tableS9_software_comparison.csv,paper data and provenance,5143,eb5da8dfc225fa95d63f71dc6764b56f40e0e94736d5acd882a890abe9ca6beb,2026-09-24T22:49:42Z
paper/data/manifests/acquired_finetune_data.yaml,paper data and provenance,106,d9b796a806b1b8b6c917c7d20fab6b858d79d5a7214d92cf021652e1d9fbe2bb,2026-09-24T22:49:42Z
paper/data/manifests/experimental_cryo_split_manifest.json,paper data and provenance,31906,38f10bd80e414a09b529fe8a0ca0fcabbc2cbf80e3d98eda4097ebe084e7149b,2026-09-24T22:49:42Z
paper/data/manifests/experimental_sem_split_manifest.json,paper data and provenance,22383,5a34f3180ebe88a4cc601418836fc1518766523853366b4f53ac6e30af8c160a,2026-09-24T22:49:42Z
paper/data/manifests/real_sem_manifest.json,paper data and provenance,3581,cfb25a24cad600a2083b63dda9f5b9e298f3963af756462c703e1d3ed34816c0,2026-09-24T22:49:42Z
paper/data/manifests/sim_nanoparticles_tem_manifest_test.json,paper data and provenance,13843,0f617ef71f347d620427a9365a7e12e30eba56e22c438bb1d4ba7a46e2466695,2026-09-24T22:49:42Z
paper/data/manifests/sim_nanoparticles_tem_manifest_train.json,paper data and provenance,64836,7ef036d39d64d501784e3a22bf290ef304fa9e856e3830ddf62772e6e27e46ba,2026-09-24T22:49:42Z
paper/data/manifests/sim_nanoparticles_tem_manifest_val.json,paper data and provenance,13766,780695a8a4158e96d8b7e22502c091b2571b0df44101270317613b95e28af551,2026-09-24T22:49:42Z
paper/data/manifests/sim_spores_sem_manifest_test.json,paper data and provenance,30081,9a2d17eaf1a882e08653c89d83c64e9acdca9cb180cda66b46e8aa93463e0961,2026-09-24T22:49:42Z
paper/data/manifests/sim_spores_sem_manifest_train.json,paper data and provenance,141087,fb8fb603ebe16ce807f5a8f2f13f869cd2f8aca633acf48617c2bfd8ec065bd3,2026-09-24T22:49:42Z
paper/data/manifests/sim_spores_sem_manifest_val.json,paper data and provenance,30084,ba49276440d245d49df51b34f4f492775ac5cb8bbbad3664ea7b8a1fc02d1be3,2026-09-24T22:49:42Z
paper/data/motion_correction/motion_all_movies.json,paper data and provenance,41629,47ad40e0dda574e95736d943d8dc8f63731424439ed1c09278dfe5eaac558b44,2026-09-24T22:49:42Z
paper/data/motion_correction/motion_correction_all_movies.csv,paper data and provenance,16001,e3dd0689a4dd4bc49577a5842a7b46a1f501892a722199014d0b7ca32c11625d,2026-09-24T22:49:42Z
paper/data/motion_correction/motion_correction_summary.csv,paper data and provenance,874,296f1680a51d232810f1636b3917c9056023ea64644aaddb8d4feb895f5f8c83,2026-09-24T22:49:42Z
paper/data/reviewer_validation/INPUT_MANIFEST.csv,paper data and provenance,43005,aae2317a28ea8b7827c57aff8a98452988111df2c7cb84f7e4a0d3b3566daf42,2026-09-24T22:49:42Z
paper/data/reviewer_validation/RESULTS_SUMMARY.md,paper data and provenance,5344,0521e472d3abfb6ed4ffc00735418919e819ae3cc8e3d8df9cdb953166db2ccf,2026-09-24T22:49:42Z
paper/data/reviewer_validation/RUN_LOG.md,paper data and provenance,2544,e40c55ecdab77fc0d4d397901d79af6be3f90ede0608bd5b872de1ef031ab873,2026-09-24T22:49:42Z
paper/data/reviewer_validation/measurement_accuracy.csv,paper data and provenance,7377,84e08e562b259741a9a3a66caf185b056c3c5d11de5f20ca47be6c3e2f387cd8,2026-09-24T22:49:42Z
paper/data/reviewer_validation/measurement_pairs.csv,paper data and provenance,421242,5e5079e0382c590be7687097fb1bf825884c9ef5301ae253a420899ee8eec1f5,2026-09-24T22:49:42Z
paper/data/reviewer_validation/run_record.json,paper data and provenance,1075,7ec9b5ff48996dce59a524ffcd7ebbfd8ae582ea1de7be4a53800476beb6a0b2,2026-09-24T22:49:42Z
paper/data/reviewer_validation/run_validation.py,paper data and provenance,20439,fce39d5ebcf84f5c9e3872813e702d56b25b3a5a4fedb7160baece27211e0a16,2026-09-24T22:49:42Z
paper/data/reviewer_validation/synthetic_test_metrics.csv,paper data and provenance,16037,c1d3f63e6cd5deddcd6fccd1a3361a6dde1f0d932b54b1a2b56259450e1579db,2026-09-24T22:49:42Z
paper/data/sem_intensity/field_characterisation.csv,paper data and provenance,6127,76dc7a283b2ae187dd2e84189d5f3bf22d2fb34501b9b2d0684cf58ebb0df080,2026-09-24T22:49:42Z
paper/data/sem_intensity/intensity_stats.json,paper data and provenance,629,41839df750f1a27d3bd83a05322a54d7011c067d44f1d90ee5c96103a51da5a1,2026-09-24T22:49:42Z
paper/data/sem_intensity/sem_global_heldout_evaluation.json,paper data and provenance,9295,489224b9a868d6059ec6fe5916932ba6db1cc25330ea4ad410faf6f2cb39a3d7,2026-09-24T22:49:42Z
paper/data/sem_intensity/sem_global_heldout_per_field.csv,paper data and provenance,3095,0f1724ca19388449c94e7bc11d3f2700219c2355eb551c554fec20b799965728,2026-09-24T22:49:42Z
paper/data/sem_intensity/sem_heldout_evaluation.json,paper data and provenance,8710,3a38c3bf12f4ce66978f6d2d484638e1d3f2d2f5eddad68d081cb7923607695a,2026-09-24T22:49:42Z
paper/data/sem_intensity/sem_heldout_per_field.csv,paper data and provenance,3105,85dab29ade404cbe07b3c0a434f211e5d9f47185c92fb1395a84bb34114beb2f,2026-09-24T22:49:42Z
paper/data/sem_intensity/sem_intensity_correlations.json,paper data and provenance,644,ba8b13479d2205137996c3a2bea258d2e93d4a7262997995e9c262ff865a79ae,2026-09-24T22:49:42Z
paper/data/sem_intensity/sem_intensity_per_field.csv,paper data and provenance,1146,efc8ee8a754d4ca74613d3736dfcec231259dc98a6746785e89dec0999c43478,2026-09-24T22:49:42Z
paper/data/sem_intensity/sem_raw_heldout_evaluation.json,paper data and provenance,9287,037d9656d3a025fb04483d6a799939f43bee4ae4e9c589d84137efa0ab965b03,2026-09-24T22:49:42Z
paper/data/sem_intensity/sem_raw_heldout_per_field.csv,paper data and provenance,3062,10c32d4075cc2b502660cbaef5ce0f6d90b2bb294d4eba138298f699fc77321b,2026-09-24T22:49:42Z
paper/data/sem_intensity/sem_stratified_heldout_evaluation.json,paper data and provenance,9277,01fd3b3a0640fb7228ba13c2f0b06ccc80d720b0455a94e568f974379e68db7f,2026-09-24T22:49:42Z
paper/data/sem_intensity/sem_stratified_heldout_per_field.csv,paper data and provenance,3230,969bdbe6175b7ef375b0c58c8bb21f6fd1dac2fa9f1147931643f2825d512365,2026-09-24T22:49:42Z
paper/scripts/analysis/build_experimental_datasets.py,reproduction script,23754,18d7e9fa007455203d1b10b3c17e9a12320cf1962144ddc5787dd97131a99304,2026-09-24T22:49:42Z
paper/scripts/analysis/build_figS10.py,reproduction script,6268,275940ca9aea9b1638d53312be4c004df7ee5aa93b57f1caa811747cd5fb1f79,2026-09-24T22:49:42Z
paper/scripts/analysis/calibration_validation.py,reproduction script,23543,7558ffedc61fc7facf4f5b188b2bc4cbefc598705cc457e6e9c76d2385b4231a,2026-09-24T22:49:42Z
paper/scripts/analysis/evaluate_heldout.py,reproduction script,18718,b11ba506710acf0155e4b711983be6984806429990a366c7cb81428f2c5c19bb,2026-09-24T22:49:42Z
paper/scripts/analysis/extend_n8.py,reproduction script,2518,91ab04cfa449edd5ad6104980fdf3a0ce8814fd34f4ae9a9f4c8200e2c2dd61b,2026-09-24T22:49:42Z
paper/scripts/analysis/isolate_characterisation.py,reproduction script,7400,098240d2c878292b0b463f8c8da44193289617b36edd3b39e0785cfefd131888,2026-09-24T22:49:42Z
paper/scripts/analysis/make_additional_si.py,reproduction script,29119,522b2493dbe067d6b5aad961f40f0799c3cefa926446981312db599a6c9a0ae6,2026-09-24T22:49:42Z
paper/scripts/analysis/motion_full_capture.py,reproduction script,3142,eeabd7eb3884f50e420f76d9125edcd9518b8a0736044cb1ba29c661e84abc4f,2026-09-24T22:49:42Z
paper/scripts/analysis/provenance_audit.py,reproduction script,22167,47b44342222e3b8bc3368515a2c59599750ff9ba1aebc96ecdf2e2df1815e451,2026-09-24T22:49:42Z
paper/scripts/analysis/renormalise_sem.py,reproduction script,5961,17109afb492a8b51b523c9ddcf1f1c7f5deecb240cbfee40af03b6e8be4e851c,2026-09-24T22:49:42Z
paper/scripts/analysis/run_burden_replicates.py,reproduction script,3937,e1879add34c8ad38bdad5c6359ed2bc5981bbe0d9bfcbd942ebb7ca123c4accc,2026-09-24T22:49:42Z
paper/scripts/analysis/sim_full_capture.py,reproduction script,3264,e84f1b8c967ceb1933a80b90d278d0f5221d715ac8165ffeb6512a4d2e0b235b,2026-09-24T22:49:42Z
paper/scripts/analysis/software_comparison.py,reproduction script,13020,4814add573fe6dc263f0011deb7fb3acaabfe381bd4e9625e715e0c564d089aa,2026-09-24T22:49:42Z
paper/scripts/analysis/train_experimental_models.py,reproduction script,5821,8b37ade4cdc84dc49e1d16511d584ed99ce9885fb4b643eb482b1563c2174ade,2026-09-24T22:49:42Z
paper/scripts/figure2_motion_dose/build_figure2_polymer_motion.py,reproduction script,30912,015b43e763194318073b5cf3ad0dda133f70f4fec284efa95ec12fe5edda3707,2026-09-24T22:49:42Z
paper/scripts/figures/assemble.py,reproduction script,4936,120f113d021ff3e341f8bce1a107c3f46fe18ffb6076cbb7833e3b870f5af33d,2026-09-24T22:49:42Z
paper/scripts/figures/assemble_pdf.py,reproduction script,3748,0ce21164343467196890a2286cbde5ae90270ce4379a2bbf599fce762c9bbde2,2026-09-24T22:49:42Z
paper/scripts/figures/build_all.py,reproduction script,4979,ba43c54d8e9953f2d47e439682698cc0a5450040bdfc74be718c5334b5028a44,2026-09-24T22:49:42Z
paper/scripts/figures/build_all_pdf.py,reproduction script,5098,d0b498da630bac2f1ce5730cbf2d3b02a477d5819227e84b4add09d7c44b166f,2026-09-24T22:49:42Z
paper/scripts/figures/build_fig1_panelA.py,reproduction script,4842,2e0b0443ca2a3c36c94e822da62cdd05e7fb437269993eb8b5b31ac0373c2b25,2026-09-24T22:49:42Z
paper/scripts/figures/build_fig1_panelB.py,reproduction script,4494,002de3761a51027b1afe457b4e2433d1aba391bb10af2272b5931fe2e15b3cd6,2026-09-24T22:49:42Z
paper/scripts/figures/build_fig2_motion.py,reproduction script,2727,33d83dfca11787db1b40a3af77c711a4a6d78581822562a68d6512009b979d79,2026-09-24T22:49:42Z
paper/scripts/figures/build_figS10.py,reproduction script,6923,05a4d0cf9e84efd346776770f8d7398ff3e3e342e324f90a278627cd282da780,2026-09-24T22:49:42Z
paper/scripts/figures/common.py,reproduction script,6504,cecc8dea3d3405c4fc5a904b3de2ad84a05e655199c1686be46716615df3ce66,2026-09-24T22:49:42Z
paper/scripts/figures/make_extras.py,reproduction script,8441,713458336088975c5e0c1879d673d3ed36f232e2eef0920b06f5c9452ef20028,2026-09-24T22:49:42Z
paper/scripts/figures/make_fig5.py,reproduction script,8875,5496060a857b867bfa517e481024db0f730936dc36dbcd3613679809fb1c4cd8,2026-09-24T22:49:42Z
paper/scripts/figures/make_figures.py,reproduction script,36824,46e534932ca0ff327f1b8e4a0e2150ad632e4cc6b712cda06c4c524b90e95742,2026-09-24T22:49:42Z
paper/scripts/figures/make_si.py,reproduction script,33702,398749f1142301c2fa1ef68e7a215d6147aa474576b2e6af2c57baf9a5285130,2026-09-24T22:49:42Z
paper/scripts/figures/palette.py,reproduction script,5247,bfd04cdeb9873621057609f85f9f5ca88397f79a39436393eba296feecc8fc74,2026-09-24T22:49:42Z
paper/scripts/figures/qc_report.py,reproduction script,6331,963bd48483ea0f49a9e7ff30f50633856463e8535e511c96fd221012f8a905ed,2026-09-24T22:49:42Z
paper/scripts/release_paths.py,reproduction script,1204,9ce2d3f7023d0c0f1a8239ddcd07b44281fa1436f6a42140e46cfb3d7045a056,2026-09-24T22:49:42Z
pyproject.toml,repository metadata,5406,fdffc9fcf1ea5297915059e638f2c18c5da6fded24b17a988d605ef5089050ab,2026-09-24T22:49:42Z
requirements-frozen.txt,repository metadata,2520,8fe63399c6b86ed8ea70f45251f5c5ef9595b9f80fe6c62c2f0f245fae19dfa1,2026-09-24T22:49:42Z
uv.lock,repository metadata,1038734,da761de40913c6a559407a7800f15fd4c319d8bcbc430dfc63190fb9d2082075,2026-09-24T22:49:42Z
