track_id,frame,ann_idx,x_px,y_px,x_nm,y_nm,area_nm2,annotation_type,displacement_nm,cumulative_displacement_nm
0,0,0,401.0,239.0,200.5,119.5,9.62112750161874,circle,0.0,0.0
0,1,0,400.0,239.0,200.0,119.5,9.62112750161874,circle,0.5,0.5
0,2,0,401.0,239.0,200.5,119.5,9.62112750161874,circle,0.5,1.0
0,3,0,401.0,241.0,200.5,120.5,9.62112750161874,circle,1.0,2.0
0,4,0,399.0,241.0,199.5,120.5,9.62112750161874,circle,1.0,3.0
0,5,0,398.0,243.0,199.0,121.5,9.62112750161874,circle,1.118033988749895,4.118033988749895
0,6,0,398.0,243.0,199.0,121.5,9.62112750161874,circle,0.0,4.118033988749895
0,7,0,397.0,243.0,198.5,121.5,9.62112750161874,circle,0.5,4.618033988749895
0,8,0,396.0,244.0,198.0,122.0,9.62112750161874,circle,0.7071067811865476,5.325140769936443
0,9,0,396.0,244.0,198.0,122.0,9.62112750161874,circle,0.0,5.325140769936443
0,10,0,395.0,245.0,197.5,122.5,9.62112750161874,circle,0.7071067811865476,6.032247551122991
0,11,0,394.0,246.0,197.0,123.0,9.62112750161874,circle,0.7071067811865476,6.739354332309539
0,12,0,394.0,246.0,197.0,123.0,9.62112750161874,circle,0.0,6.739354332309539
0,13,1,393.0,246.0,196.5,123.0,9.62112750161874,circle,0.5,7.239354332309539
0,14,1,392.0,246.0,196.0,123.0,9.62112750161874,circle,0.5,7.739354332309539
0,15,2,393.0,246.0,196.5,123.0,9.62112750161874,circle,0.5,8.239354332309539
0,16,2,391.0,248.0,195.5,124.0,9.62112750161874,circle,1.4142135623730951,9.653567894682634
0,17,1,389.0,250.0,194.5,125.0,9.62112750161874,circle,1.4142135623730951,11.06778145705573
0,18,1,388.0,250.0,194.0,125.0,9.62112750161874,circle,0.5,11.56778145705573
0,19,1,387.0,252.0,193.5,126.0,9.62112750161874,circle,1.118033988749895,12.685815445805625
1,0,1,231.0,268.0,115.5,134.0,9.62112750161874,circle,0.0,0.0
1,1,1,230.0,270.0,115.0,135.0,9.62112750161874,circle,1.118033988749895,1.118033988749895
1,2,2,230.0,273.0,115.0,136.5,9.62112750161874,circle,1.5,2.618033988749895
1,3,1,230.0,272.0,115.0,136.0,9.62112750161874,circle,0.5,3.118033988749895
1,4,2,229.0,273.0,114.5,136.5,9.62112750161874,circle,0.7071067811865476,3.8251407699364424
1,5,2,229.0,276.0,114.5,138.0,9.62112750161874,circle,1.5,5.325140769936443
1,6,3,229.0,274.0,114.5,137.0,9.62112750161874,circle,1.0,6.325140769936443
1,7,2,228.0,276.0,114.0,138.0,9.62112750161874,circle,1.118033988749895,7.443174758686338
1,8,3,228.0,277.0,114.0,138.5,9.62112750161874,circle,0.5,7.943174758686338
1,9,1,228.0,276.0,114.0,138.0,9.62112750161874,circle,0.5,8.443174758686338
1,10,2,228.0,277.0,114.0,138.5,9.62112750161874,circle,0.5,8.943174758686338
1,11,2,228.0,277.0,114.0,138.5,9.62112750161874,circle,0.0,8.943174758686338
1,12,5,227.0,278.0,113.5,139.0,9.62112750161874,circle,0.7071067811865476,9.650281539872886
1,13,5,228.0,278.0,114.0,139.0,9.62112750161874,circle,0.5,10.150281539872886
2,0,2,318.0,263.0,159.0,131.5,9.62112750161874,circle,0.0,0.0
2,1,3,318.0,263.0,159.0,131.5,9.62112750161874,circle,0.0,0.0
2,2,3,320.0,263.0,160.0,131.5,9.62112750161874,circle,1.0,1.0
2,3,3,321.0,263.0,160.5,131.5,9.62112750161874,circle,0.5,1.5
2,4,3,322.0,262.0,161.0,131.0,9.62112750161874,circle,0.7071067811865476,2.2071067811865475
2,5,3,323.0,262.0,161.5,131.0,9.62112750161874,circle,0.5,2.7071067811865475
2,6,1,324.0,261.0,162.0,130.5,9.62112750161874,circle,0.7071067811865476,3.414213562373095
2,7,1,325.0,262.0,162.5,131.0,9.62112750161874,circle,0.7071067811865476,4.121320343559643
2,8,1,325.0,262.0,162.5,131.0,9.62112750161874,circle,0.0,4.121320343559643
2,9,2,326.0,261.0,163.0,130.5,9.62112750161874,circle,0.7071067811865476,4.828427124746191
2,10,1,327.0,261.0,163.5,130.5,9.62112750161874,circle,0.5,5.328427124746191
2,11,3,328.0,262.0,164.0,131.0,9.62112750161874,circle,0.7071067811865476,6.035533905932739
2,12,1,328.0,261.0,164.0,130.5,9.62112750161874,circle,0.5,6.535533905932739
2,13,2,329.0,262.0,164.5,131.0,9.62112750161874,circle,0.7071067811865476,7.2426406871192865
2,14,2,330.0,262.0,165.0,131.0,9.62112750161874,circle,0.5,7.7426406871192865
2,15,1,331.0,262.0,165.5,131.0,9.62112750161874,circle,0.5,8.242640687119287
2,16,1,332.0,262.0,166.0,131.0,9.62112750161874,circle,0.5,8.742640687119287
2,17,2,332.0,264.0,166.0,132.0,9.62112750161874,circle,1.0,9.742640687119287
2,18,4,333.0,265.0,166.5,132.5,9.62112750161874,circle,0.7071067811865476,10.449747468305835
2,19,3,334.0,265.0,167.0,132.5,9.62112750161874,circle,0.5,10.949747468305835
3,0,3,155.0,248.0,77.5,124.0,9.62112750161874,circle,0.0,0.0
3,1,2,155.0,247.0,77.5,123.5,9.62112750161874,circle,0.5,0.5
3,2,1,156.0,246.0,78.0,123.0,9.62112750161874,circle,0.7071067811865476,1.2071067811865475
3,3,2,157.0,245.0,78.5,122.5,9.62112750161874,circle,0.7071067811865476,1.914213562373095
3,4,1,157.0,244.0,78.5,122.0,9.62112750161874,circle,0.5,2.414213562373095
3,5,1,157.0,245.0,78.5,122.5,9.62112750161874,circle,0.5,2.914213562373095
3,6,2,157.0,243.0,78.5,121.5,9.62112750161874,circle,1.0,3.914213562373095
3,7,3,158.0,244.0,79.0,122.0,9.62112750161874,circle,0.7071067811865476,4.621320343559643
3,8,2,158.0,242.0,79.0,121.0,9.62112750161874,circle,1.0,5.621320343559643
3,9,3,159.0,242.0,79.5,121.0,9.62112750161874,circle,0.5,6.121320343559643
3,10,3,160.0,243.0,80.0,121.5,9.62112750161874,circle,0.7071067811865476,6.828427124746191
3,11,4,160.0,243.0,80.0,121.5,9.62112750161874,circle,0.0,6.828427124746191
3,12,3,161.0,243.0,80.5,121.5,9.62112750161874,circle,0.5,7.328427124746191
3,13,4,162.0,244.0,81.0,122.0,9.62112750161874,circle,0.7071067811865476,8.035533905932738
3,14,3,161.0,244.0,80.5,122.0,9.62112750161874,circle,0.5,8.535533905932738
3,15,4,162.0,244.0,81.0,122.0,9.62112750161874,circle,0.5,9.035533905932738
3,16,4,164.0,245.0,82.0,122.5,9.62112750161874,circle,1.118033988749895,10.153567894682633
3,17,3,165.0,246.0,82.5,123.0,9.62112750161874,circle,0.7071067811865476,10.86067467586918
3,18,2,164.0,247.0,82.0,123.5,9.62112750161874,circle,0.7071067811865476,11.567781457055728
3,19,2,166.0,247.0,83.0,123.5,9.62112750161874,circle,1.0,12.567781457055728
4,0,4,463.0,299.0,231.5,149.5,9.62112750161874,circle,0.0,0.0
4,1,4,463.0,298.0,231.5,149.0,9.62112750161874,circle,0.5,0.5
4,2,4,464.0,298.0,232.0,149.0,9.62112750161874,circle,0.5,1.0
4,3,4,465.0,297.0,232.5,148.5,9.62112750161874,circle,0.7071067811865476,1.7071067811865475
4,4,5,465.0,297.0,232.5,148.5,9.62112750161874,circle,0.0,1.7071067811865475
4,5,5,466.0,296.0,233.0,148.0,9.62112750161874,circle,0.7071067811865476,2.414213562373095
4,6,4,465.0,296.0,232.5,148.0,9.62112750161874,circle,0.5,2.914213562373095
4,7,4,466.0,294.0,233.0,147.0,9.62112750161874,circle,1.118033988749895,4.03224755112299
4,8,5,469.0,294.0,234.5,147.0,9.62112750161874,circle,1.5,5.53224755112299
4,9,5,468.0,293.0,234.0,146.5,9.62112750161874,circle,0.7071067811865476,6.239354332309538
4,10,4,469.0,292.0,234.5,146.0,9.62112750161874,circle,0.7071067811865476,6.946461113496086
4,11,5,469.0,292.0,234.5,146.0,9.62112750161874,circle,0.0,6.946461113496086
4,12,4,470.0,292.0,235.0,146.0,9.62112750161874,circle,0.5,7.446461113496086
4,13,3,470.0,291.0,235.0,145.5,9.62112750161874,circle,0.5,7.946461113496086
4,14,4,468.0,290.0,234.0,145.0,9.62112750161874,circle,1.118033988749895,9.064495102245981
4,15,3,470.0,290.0,235.0,145.0,9.62112750161874,circle,1.0,10.064495102245981
4,16,3,469.0,286.0,234.5,143.0,9.62112750161874,circle,2.0615528128088303,12.126047915054812
4,17,4,469.0,285.0,234.5,142.5,9.62112750161874,circle,0.5,12.626047915054812
4,18,3,469.0,283.0,234.5,141.5,9.62112750161874,circle,1.0,13.626047915054812
4,19,4,469.0,282.0,234.5,141.0,9.62112750161874,circle,0.5,14.126047915054812
5,0,5,84.0,237.0,42.0,118.5,9.62112750161874,circle,0.0,0.0
5,1,5,84.0,236.0,42.0,118.0,9.62112750161874,circle,0.5,0.5
5,2,5,86.0,234.0,43.0,117.0,9.62112750161874,circle,1.4142135623730951,1.9142135623730951
5,3,5,85.0,238.0,42.5,119.0,9.62112750161874,circle,2.0615528128088303,3.9757663751819257
5,4,4,84.0,236.0,42.0,118.0,9.62112750161874,circle,1.118033988749895,5.093800363931821
5,5,4,84.0,236.0,42.0,118.0,9.62112750161874,circle,0.0,5.093800363931821
5,6,5,84.0,237.0,42.0,118.5,9.62112750161874,circle,0.5,5.593800363931821
5,7,5,84.0,237.0,42.0,118.5,9.62112750161874,circle,0.0,5.593800363931821
5,8,4,84.0,239.0,42.0,119.5,9.62112750161874,circle,1.0,6.593800363931821
5,9,4,84.0,238.0,42.0,119.0,9.62112750161874,circle,0.5,7.093800363931821
5,10,5,84.0,239.0,42.0,119.5,9.62112750161874,circle,0.5,7.593800363931821
5,11,1,84.0,239.0,42.0,119.5,9.62112750161874,circle,0.0,7.593800363931821
5,12,2,84.0,239.0,42.0,119.5,9.62112750161874,circle,0.0,7.593800363931821
5,13,0,85.0,239.0,42.5,119.5,9.62112750161874,circle,0.5,8.09380036393182
5,14,0,84.0,239.0,42.0,119.5,9.62112750161874,circle,0.5,8.59380036393182
5,15,0,84.0,240.0,42.0,120.0,9.62112750161874,circle,0.5,9.09380036393182
5,16,0,85.0,240.0,42.5,120.0,9.62112750161874,circle,0.5,9.59380036393182
5,17,0,85.0,241.0,42.5,120.5,9.62112750161874,circle,0.5,10.09380036393182
5,18,0,85.0,241.0,42.5,120.5,9.62112750161874,circle,0.0,10.09380036393182
5,19,0,86.0,241.0,43.0,120.5,9.62112750161874,circle,0.5,10.59380036393182
