run,model,data,epochs,batch,imgsz,seed,deterministic,optimizer,weights_sha256,weights_bytes
curve_scratch_2,yolo11s-seg.pt,work/real_ft_2/data.yaml,120,4,640,0,True,auto,79e3b2fa365264bfdd03be3d35a8b1a3174b05b6c16e2b6c7c05e291fd5b2775,20499165
curve_scratch_4,yolo11s-seg.pt,work/real_ft_4/data.yaml,120,4,640,0,True,auto,0096420a8ff1ba436971cdab6e2c4d41ce3ece8dbe115c17389c06235b93b85a,20499165
curve_sim_2,external/doi/models/spores_sem/best.pt,work/real_ft_2/data.yaml,120,4,640,0,True,auto,f18f8e45bd6bcf677cd7d4115971bffdf49d7f654fe4e98b1700d41ed96561a8,20511645
curve_sim_4,external/doi/models/spores_sem/best.pt,work/real_ft_4/data.yaml,120,4,640,0,True,auto,ea5fe9ce2bd36c0954379688c47c67b2b322304b840649dad7daf4ca902c8b05,20511645
nanoparticles_tem,yolo11s-seg.pt,external/doi/derived/nanoparticles_tem/data.yaml,100,16,640,0,True,auto,0ad19cdfe34cc4515bc864c30481fa4a3277abe9c61a543fe3ea092ffe834597,20523741
real_ft_scratch,yolo11s-seg.pt,work/real_ft/data.yaml,120,4,640,0,True,auto,12fd862e0477993a0ec6517b66241f49caff0872916b1312aa5bfd1b303f572a,20498013
real_ft_sim,external/doi/models/spores_sem/best.pt,work/real_ft/data.yaml,120,4,640,0,True,auto,7e8e80ec10ae2ca75fa993424572b4b790dfe2e266645ef76ffb4004ea70fa67,20511645
rep_natural_2_0,yolo11s-seg.pt,work/burden_replicates/ds_2_0/data.yaml,120,4,640,0,True,auto,92443990cae68223626c70670a2130e8cad7bc18b16c5c24ec6d76076f05dde4,20511645
rep_natural_2_1,yolo11s-seg.pt,work/burden_replicates/ds_2_1/data.yaml,120,4,640,1,True,auto,964103207b965cb192a10bbd210c45ef68c384b408e6c190c930c7d3cf61b5a7,20502109
rep_natural_2_2,yolo11s-seg.pt,work/burden_replicates/ds_2_2/data.yaml,120,4,640,2,True,auto,83fcd6956354d0c127aa68c06e2a186810ff46cfb92193a21c0b9cedfcf29fef,20511645
rep_natural_2_3,yolo11s-seg.pt,work/burden_replicates/ds_2_3/data.yaml,120,4,640,3,True,auto,e4657143770ecdb07394925c238460cc1c4d5f85e30afe9ae41ab441120a0746,20511645
rep_natural_4_0,yolo11s-seg.pt,work/burden_replicates/ds_4_0/data.yaml,120,4,640,0,True,auto,62dc4a3f9895f246aa9d1aa3db952117075bfd85605807c6dc503c35eb9b69d9,20503261
rep_natural_4_1,yolo11s-seg.pt,work/burden_replicates/ds_4_1/data.yaml,120,4,640,1,True,auto,901cc25238e3010bf33d397b6e446e656980642ae9ddce0e465c981f2ecfb26b,20503261
rep_natural_4_2,yolo11s-seg.pt,work/burden_replicates/ds_4_2/data.yaml,120,4,640,2,True,auto,5e9854904190597ea66155372a7614a649e9ccb9599d24e18716a14accd455cd,20511645
rep_natural_4_3,yolo11s-seg.pt,work/burden_replicates/ds_4_3/data.yaml,120,4,640,3,True,auto,1be8990bc9839755ebabdadb22b0763a99fdc1fda7eb1d82c89a0c4213256649,20504541
rep_natural_8_0,yolo11s-seg.pt,work/burden_replicates/ds_8_0/data.yaml,120,4,640,0,True,auto,f520ba8bed57bf3cbf820b9fb07c10854ee3aa1ecdf98016ced2ae23dc5ae7c5,20498013
rep_natural_8_1,yolo11s-seg.pt,work/burden_replicates/ds_8_1/data.yaml,120,4,640,1,True,auto,d3e16a68325a2a741a6699130c6152d6e4eecb1fde663d97feea9c424e01ce24,20500061
rep_natural_8_2,yolo11s-seg.pt,work/burden_replicates/ds_8_2/data.yaml,120,4,640,2,True,auto,79ed1916cbb2268857a4c239dd196d17d09e108b88ff08df293f592c3b32c4b8,20511645
rep_natural_8_3,yolo11s-seg.pt,work/burden_replicates/ds_8_3/data.yaml,120,4,640,3,True,auto,7a4bb4f2aeb1a81e344c3a2f5cb8512ac07aa22f99f8fbba983a495e7e8ef139,20500061
rep_natural_8_4,yolo11s-seg.pt,work/burden_replicates/ds_8_0/data.yaml,120,4,640,4,True,auto,8b9d476d88945f8a602f239ae2cb50da2a365d4ba3688c13a1e4ee375e49bbea,20498013
rep_natural_8_5,yolo11s-seg.pt,work/burden_replicates/ds_8_0/data.yaml,120,4,640,5,True,auto,3231489509bb2d24ee721ea69485154ba208f384625155070f3e50d9c30a8ebc,20511645
rep_natural_8_6,yolo11s-seg.pt,work/burden_replicates/ds_8_0/data.yaml,120,4,640,6,True,auto,21e13a9ded5c83399144b55e10933044f88afc65e60de16fec9f7b34113f950f,20498013
rep_natural_8_7,yolo11s-seg.pt,work/burden_replicates/ds_8_0/data.yaml,120,4,640,7,True,auto,56d759f408c757894134de0412b6faeec734ca3b60f63b04437de3f740e3565d,20498013
rep_natural_8_8,yolo11s-seg.pt,work/burden_replicates/ds_8_0/data.yaml,120,4,640,8,True,auto,a42963a2def748b84afe07622e913ca8f16aad482e607b72e2c324f7f50197b5,20498013
rep_natural_8_9,yolo11s-seg.pt,work/burden_replicates/ds_8_0/data.yaml,120,4,640,9,True,auto,9eff6ba07ca24dd987a52ba6bd016b8e3abc152d55d8a7e4fd2b1c4c576d1f04,20511645
rep_simulation_2_0,external/doi/models/spores_sem/best.pt,work/burden_replicates/ds_2_0/data.yaml,120,4,640,0,True,auto,e6ffaa28818b20676d85c5b23dc46c52c1c5695c4ed2da6c542abbdc64a387ff,81291245
rep_simulation_2_1,external/doi/models/spores_sem/best.pt,work/burden_replicates/ds_2_1/data.yaml,120,4,640,1,True,auto,c2dd52e536a81291cc72210f9f12649797dab320a13efebe9e99112095f77a3b,20498269
rep_simulation_2_2,external/doi/models/spores_sem/best.pt,work/burden_replicates/ds_2_2/data.yaml,120,4,640,2,True,auto,a0b0916228e1b592a8f93451e0d72d70252b504da1f439c5a60df2c38595754e,20497949
rep_simulation_2_3,external/doi/models/spores_sem/best.pt,work/burden_replicates/ds_2_3/data.yaml,120,4,640,3,True,auto,0fd6669394305904619329dc31a5ba7b5c308160ae43b84f29e9a8de3f82f6e9,20511709
rep_simulation_4_0,external/doi/models/spores_sem/best.pt,work/burden_replicates/ds_4_0/data.yaml,120,4,640,0,True,auto,7bcea43b6d0ddc9840dfa5d0dd18c5ebb3222343a9953f80bb0a6bfc41679c13,20511709
rep_simulation_4_1,external/doi/models/spores_sem/best.pt,work/burden_replicates/ds_4_1/data.yaml,120,4,640,1,True,auto,b3b7f693f2336f3f2daba32d9a08acce38fe041ce6b094c2d478aa3e20996597,20511709
rep_simulation_4_2,external/doi/models/spores_sem/best.pt,work/burden_replicates/ds_4_2/data.yaml,120,4,640,2,True,auto,52015436257814e1b57091660b89c6ebb712c4207ca25d1d7e77aaea11e9ecbe,20511709
rep_simulation_4_3,external/doi/models/spores_sem/best.pt,work/burden_replicates/ds_4_3/data.yaml,120,4,640,3,True,auto,c7cccecc1ac662aa9852174ba780c98b52032e8ffaac26780dc0e1b1a13da08c,20511709
rep_simulation_8_0,external/doi/models/spores_sem/best.pt,work/burden_replicates/ds_8_0/data.yaml,120,4,640,0,True,auto,019e600ae532b449548a4d133c5f4e9a22e33b7800f9899dacd549e9edd3e9c1,20511709
rep_simulation_8_1,external/doi/models/spores_sem/best.pt,work/burden_replicates/ds_8_1/data.yaml,120,4,640,1,True,auto,d619984e690901436b4f84fb17aca6f0b3e763e4b60ca238be0ec47cc1d79377,20511709
rep_simulation_8_2,external/doi/models/spores_sem/best.pt,work/burden_replicates/ds_8_2/data.yaml,120,4,640,2,True,auto,87cbacdb572b1bde1c0176f0ab099f577265d06987a1c84cbfa9183070c1d2ed,20511709
rep_simulation_8_3,external/doi/models/spores_sem/best.pt,work/burden_replicates/ds_8_3/data.yaml,120,4,640,3,True,auto,e5cbf1069e9e4ccce0dc15c9b49ee73440f1e245ccff7145cc9c538ade5f1b2c,20511709
rep_simulation_8_4,external/doi/models/spores_sem/best.pt,work/burden_replicates/ds_8_0/data.yaml,120,4,640,4,True,auto,d122d3b2cc314a5a0c15fd05b338daf043bb1db8421a08d67459f74791762643,20511709
rep_simulation_8_5,external/doi/models/spores_sem/best.pt,work/burden_replicates/ds_8_0/data.yaml,120,4,640,5,True,auto,af663bfc4950b88ba1cd6773bad9aff9caf965eb44bcd23e1fe8c693af977dc1,20511709
rep_simulation_8_6,external/doi/models/spores_sem/best.pt,work/burden_replicates/ds_8_0/data.yaml,120,4,640,6,True,auto,1556ee9e9ee94401d6bf1aa1c629140faed28e507bb546239f9ba451f6220456,20511709
rep_simulation_8_7,external/doi/models/spores_sem/best.pt,work/burden_replicates/ds_8_0/data.yaml,120,4,640,7,True,auto,0e6568e673b7e9d0f725627acd2ae14fbacca0344caafb2ce380cd62a22c538c,20511709
rep_simulation_8_8,external/doi/models/spores_sem/best.pt,work/burden_replicates/ds_8_0/data.yaml,120,4,640,8,True,auto,4b8459370daf81a5cfd88be959d7b78441189705b5c4bee77033e6f76c0ee335,20511709
rep_simulation_8_9,external/doi/models/spores_sem/best.pt,work/burden_replicates/ds_8_0/data.yaml,120,4,640,9,True,auto,3ccc2c1dd69d4f6a1b69dab0d3a7a70267d8036b7d0799455a4e06043b6521e5,20511709
spores_sem,yolo11s-seg.pt,external/doi/derived/spores_sem/data.yaml,100,16,640,0,True,auto,eb367758550ad4df1819bb3df26ca105201e1b69616c8b06fb8d5b9c35ab4c3b,20522781
