movie_id,dose_condition,electrons_per_pixel_per_frame,replicate,random_seed,specimen_seed,trajectory_seed,noise_seed,number_of_frames,pixel_size,input_motion_px,alignment_rmse_px,maximum_error_px,sharpness_before,sharpness_after,sharpness_gain_percent,alignment_success,failure_definition,figure_panel,source_file,software_version,git_commit
nominal_300_rep0,nominal_300,300.0,0,100,4,0,100,24,18.0 A/px,26.0,0.05705085465858451,0.10661513721880536,0.00031960607157088816,0.0015627588145434856,388.9640571790164,True,alignment_success = alignment_rmse_px < 1.0 px,2A/2B/2C,paper/scripts/figures/make_fig5.py,acorn-sim-playground working tree,be8aa3e78275464bbbcfea29b75e97ad81ad28d6
nominal_300_rep1,nominal_300,300.0,1,101,5,1,101,24,18.0 A/px,26.0,0.06753386613237491,0.12291033015790165,0.000446090882178396,0.0016627060249447823,272.72809003073286,True,alignment_success = alignment_rmse_px < 1.0 px,2A/2B/2C,paper/scripts/figures/make_fig5.py,acorn-sim-playground working tree,be8aa3e78275464bbbcfea29b75e97ad81ad28d6
nominal_300_rep2,nominal_300,300.0,2,102,6,2,102,24,18.0 A/px,26.0,0.06289941621802851,0.11125310146302414,0.000401058467105031,0.0017795917810872197,343.7237777157245,True,alignment_success = alignment_rmse_px < 1.0 px,2A/2B/2C,paper/scripts/figures/make_fig5.py,acorn-sim-playground working tree,be8aa3e78275464bbbcfea29b75e97ad81ad28d6
nominal_300_rep3,nominal_300,300.0,3,103,7,3,103,24,18.0 A/px,26.0,0.0632172459919411,0.10607785781081011,0.00040831961086951196,0.0017035449855029583,317.20871105732067,True,alignment_success = alignment_rmse_px < 1.0 px,2A/2B/2C,paper/scripts/figures/make_fig5.py,acorn-sim-playground working tree,be8aa3e78275464bbbcfea29b75e97ad81ad28d6
nominal_300_rep4,nominal_300,300.0,4,104,8,4,104,24,18.0 A/px,26.0,0.06347050698408552,0.12770852713949932,0.0005035962094552815,0.0018916387343779206,275.62608670625724,True,alignment_success = alignment_rmse_px < 1.0 px,2A/2B/2C,paper/scripts/figures/make_fig5.py,acorn-sim-playground working tree,be8aa3e78275464bbbcfea29b75e97ad81ad28d6
nominal_300_rep5,nominal_300,300.0,5,105,9,5,105,24,18.0 A/px,26.0,0.06893618537197614,0.11733203196092418,0.0004254086525179446,0.0015193703584372997,257.15549024316323,True,alignment_success = alignment_rmse_px < 1.0 px,2A/2B/2C,paper/scripts/figures/make_fig5.py,acorn-sim-playground working tree,be8aa3e78275464bbbcfea29b75e97ad81ad28d6
dose_100_rep0,dose_100,100.0,0,100,4,0,100,24,18.0 A/px,26.0,0.05418005150975283,0.10661513721880536,0.00043209100840613246,0.0016551623120903969,283.05872602992724,True,alignment_success = alignment_rmse_px < 1.0 px,2D,paper/scripts/figures/make_fig5.py,acorn-sim-playground working tree,be8aa3e78275464bbbcfea29b75e97ad81ad28d6
dose_100_rep1,dose_100,100.0,1,101,5,1,101,24,18.0 A/px,26.0,0.06577764139165725,0.12291033015790165,0.0005583696183748543,0.0017573584336787462,214.73031050535525,True,alignment_success = alignment_rmse_px < 1.0 px,2D,paper/scripts/figures/make_fig5.py,acorn-sim-playground working tree,be8aa3e78275464bbbcfea29b75e97ad81ad28d6
dose_100_rep2,dose_100,100.0,2,102,6,2,102,24,18.0 A/px,26.0,0.059645499512325825,0.10756979663977607,0.000513258040882647,0.0018703211098909378,264.40171627405135,True,alignment_success = alignment_rmse_px < 1.0 px,2D,paper/scripts/figures/make_fig5.py,acorn-sim-playground working tree,be8aa3e78275464bbbcfea29b75e97ad81ad28d6
dose_100_rep3,dose_100,100.0,3,103,7,3,103,24,18.0 A/px,26.0,0.05843801246248369,0.10607785781081011,0.0005186159396544099,0.0017941526602953672,245.9501575464373,True,alignment_success = alignment_rmse_px < 1.0 px,2D,paper/scripts/figures/make_fig5.py,acorn-sim-playground working tree,be8aa3e78275464bbbcfea29b75e97ad81ad28d6
dose_100_rep4,dose_100,100.0,4,104,8,4,104,24,18.0 A/px,26.0,0.06331477986888505,0.12770852713949932,0.0006145664374344051,0.001981346169486642,222.39739250292502,True,alignment_success = alignment_rmse_px < 1.0 px,2D,paper/scripts/figures/make_fig5.py,acorn-sim-playground working tree,be8aa3e78275464bbbcfea29b75e97ad81ad28d6
dose_100_rep5,dose_100,100.0,5,105,9,5,105,24,18.0 A/px,26.0,0.07319293829465075,0.11733203196092418,0.0005368887796066701,0.0016071111895143986,199.3378238770018,True,alignment_success = alignment_rmse_px < 1.0 px,2D,paper/scripts/figures/make_fig5.py,acorn-sim-playground working tree,be8aa3e78275464bbbcfea29b75e97ad81ad28d6
dose_20_rep0,dose_20,20.0,0,100,4,0,100,24,18.0 A/px,26.0,0.08529182260301958,0.13783926914485656,0.0011056995717808604,0.0022187368012964725,100.66362128755584,True,alignment_success = alignment_rmse_px < 1.0 px,2D,paper/scripts/figures/make_fig5.py,acorn-sim-playground working tree,be8aa3e78275464bbbcfea29b75e97ad81ad28d6
dose_20_rep1,dose_20,20.0,1,101,5,1,101,24,18.0 A/px,26.0,0.06939974927649063,0.13724960081457926,0.0012271051527932286,0.0023083086125552654,88.11009042712602,True,alignment_success = alignment_rmse_px < 1.0 px,2D,paper/scripts/figures/make_fig5.py,acorn-sim-playground working tree,be8aa3e78275464bbbcfea29b75e97ad81ad28d6
dose_20_rep2,dose_20,20.0,2,102,6,2,102,24,18.0 A/px,26.0,0.07543789263919709,0.11125310146302414,0.0011850715382024646,0.002438764786347747,105.79051202654854,True,alignment_success = alignment_rmse_px < 1.0 px,2D,paper/scripts/figures/make_fig5.py,acorn-sim-playground working tree,be8aa3e78275464bbbcfea29b75e97ad81ad28d6
dose_20_rep3,dose_20,20.0,3,103,7,3,103,24,18.0 A/px,26.0,0.07993347825074296,0.1337569803013774,0.0011851390590891242,0.002342464169487357,97.65310674071712,True,alignment_success = alignment_rmse_px < 1.0 px,2D,paper/scripts/figures/make_fig5.py,acorn-sim-playground working tree,be8aa3e78275464bbbcfea29b75e97ad81ad28d6
dose_20_rep4,dose_20,20.0,4,104,8,4,104,24,18.0 A/px,26.0,0.07046814707247208,0.12770852713949932,0.001278318464756012,0.002544925082474947,99.08380834979862,True,alignment_success = alignment_rmse_px < 1.0 px,2D,paper/scripts/figures/make_fig5.py,acorn-sim-playground working tree,be8aa3e78275464bbbcfea29b75e97ad81ad28d6
dose_20_rep5,dose_20,20.0,5,105,9,5,105,24,18.0 A/px,26.0,0.0692369479420591,0.1266543097481013,0.0012056682026013732,0.002120897639542818,75.9105560689689,True,alignment_success = alignment_rmse_px < 1.0 px,2D,paper/scripts/figures/make_fig5.py,acorn-sim-playground working tree,be8aa3e78275464bbbcfea29b75e97ad81ad28d6
dose_4_rep0,dose_4,4.0,0,100,4,0,100,24,18.0 A/px,26.0,0.17946230168974572,0.3491341510630387,0.004473588429391384,0.004903198219835758,9.60324797922505,True,alignment_success = alignment_rmse_px < 1.0 px,2D,paper/scripts/figures/make_fig5.py,acorn-sim-playground working tree,be8aa3e78275464bbbcfea29b75e97ad81ad28d6
dose_4_rep1,dose_4,4.0,1,101,5,1,101,24,18.0 A/px,26.0,0.16454185877352812,0.3192402409720717,0.004597539082169533,0.004978393204510212,8.283869164217261,True,alignment_success = alignment_rmse_px < 1.0 px,2D,paper/scripts/figures/make_fig5.py,acorn-sim-playground working tree,be8aa3e78275464bbbcfea29b75e97ad81ad28d6
dose_4_rep2,dose_4,4.0,2,102,6,2,102,24,18.0 A/px,26.0,0.1726605504007343,0.32885772443182226,0.004539576359093189,0.0051611000671982765,13.691227086865009,True,alignment_success = alignment_rmse_px < 1.0 px,2D,paper/scripts/figures/make_fig5.py,acorn-sim-playground working tree,be8aa3e78275464bbbcfea29b75e97ad81ad28d6
dose_4_rep3,dose_4,4.0,3,103,7,3,103,24,18.0 A/px,26.0,0.16392779829101164,0.33608138305632246,0.0045214309357106686,0.005036141723394394,11.383802937660569,True,alignment_success = alignment_rmse_px < 1.0 px,2D,paper/scripts/figures/make_fig5.py,acorn-sim-playground working tree,be8aa3e78275464bbbcfea29b75e97ad81ad28d6
dose_4_rep4,dose_4,4.0,4,104,8,4,104,24,18.0 A/px,26.0,0.13434837855312035,0.2844351626378477,0.004623434506356716,0.005299367010593414,14.619705400981985,True,alignment_success = alignment_rmse_px < 1.0 px,2D,paper/scripts/figures/make_fig5.py,acorn-sim-playground working tree,be8aa3e78275464bbbcfea29b75e97ad81ad28d6
dose_4_rep5,dose_4,4.0,5,105,9,5,105,24,18.0 A/px,26.0,0.22641673406270288,0.4552356662714335,0.004549771547317505,0.004711522255092859,3.555139111780692,True,alignment_success = alignment_rmse_px < 1.0 px,2D,paper/scripts/figures/make_fig5.py,acorn-sim-playground working tree,be8aa3e78275464bbbcfea29b75e97ad81ad28d6
dose_1_rep0,dose_1,1.0,0,100,4,0,100,24,18.0 A/px,26.0,136.18029936455156,667.085993315075,0.017046377062797546,0.014276949688792229,-16.246427987618482,False,alignment_success = alignment_rmse_px < 1.0 px,2D,paper/scripts/figures/make_fig5.py,acorn-sim-playground working tree,be8aa3e78275464bbbcfea29b75e97ad81ad28d6
dose_1_rep1,dose_1,1.0,1,101,5,1,101,24,18.0 A/px,26.0,1.272915233563573,4.3062039870970965,0.01717357523739338,0.014617973938584328,-14.8810091287488,False,alignment_success = alignment_rmse_px < 1.0 px,2D,paper/scripts/figures/make_fig5.py,acorn-sim-playground working tree,be8aa3e78275464bbbcfea29b75e97ad81ad28d6
dose_1_rep2,dose_1,1.0,2,102,6,2,102,24,18.0 A/px,26.0,1.5322010406516582,5.280880599824089,0.01712644100189209,0.014704747125506401,-14.14008827705736,False,alignment_success = alignment_rmse_px < 1.0 px,2D,paper/scripts/figures/make_fig5.py,acorn-sim-playground working tree,be8aa3e78275464bbbcfea29b75e97ad81ad28d6
dose_1_rep3,dose_1,1.0,3,103,7,3,103,24,18.0 A/px,26.0,0.467252488098919,0.9138796543764883,0.017051570117473602,0.015067221596837044,-11.63733607501104,True,alignment_success = alignment_rmse_px < 1.0 px,2D,paper/scripts/figures/make_fig5.py,acorn-sim-playground working tree,be8aa3e78275464bbbcfea29b75e97ad81ad28d6
dose_1_rep4,dose_1,1.0,4,104,8,4,104,24,18.0 A/px,26.0,0.4895986888630755,1.1325058674832105,0.017112616449594498,0.0150028420612216,-12.328765706794599,True,alignment_success = alignment_rmse_px < 1.0 px,2D,paper/scripts/figures/make_fig5.py,acorn-sim-playground working tree,be8aa3e78275464bbbcfea29b75e97ad81ad28d6
dose_1_rep5,dose_1,1.0,5,105,9,5,105,24,18.0 A/px,26.0,1.222265423742274,3.9707268549907218,0.017075061798095703,0.014634254388511181,-14.294574382487646,False,alignment_success = alignment_rmse_px < 1.0 px,2D,paper/scripts/figures/make_fig5.py,acorn-sim-playground working tree,be8aa3e78275464bbbcfea29b75e97ad81ad28d6
dose_0.25_rep0,dose_0.25,0.25,0,100,4,0,100,24,18.0 A/px,26.0,429.7786842043982,662.3465133119471,0.06758043169975281,0.03803819790482521,-43.71418331001229,False,alignment_success = alignment_rmse_px < 1.0 px,2D,paper/scripts/figures/make_fig5.py,acorn-sim-playground working tree,be8aa3e78275464bbbcfea29b75e97ad81ad28d6
dose_0.25_rep1,dose_0.25,0.25,1,101,5,1,101,24,18.0 A/px,26.0,388.46017487275793,578.5810954098129,0.0674976259469986,0.03781174495816231,-43.980629795997025,False,alignment_success = alignment_rmse_px < 1.0 px,2D,paper/scripts/figures/make_fig5.py,acorn-sim-playground working tree,be8aa3e78275464bbbcfea29b75e97ad81ad28d6
dose_0.25_rep2,dose_0.25,0.25,2,102,6,2,102,24,18.0 A/px,26.0,412.4668134920698,679.9725262910595,0.06739284098148346,0.037577010691165924,-44.241836159584956,False,alignment_success = alignment_rmse_px < 1.0 px,2D,paper/scripts/figures/make_fig5.py,acorn-sim-playground working tree,be8aa3e78275464bbbcfea29b75e97ad81ad28d6
dose_0.25_rep3,dose_0.25,0.25,3,103,7,3,103,24,18.0 A/px,26.0,403.83632407851,676.193029739822,0.06711147725582123,0.03707955405116081,-44.74931030080322,False,alignment_success = alignment_rmse_px < 1.0 px,2D,paper/scripts/figures/make_fig5.py,acorn-sim-playground working tree,be8aa3e78275464bbbcfea29b75e97ad81ad28d6
dose_0.25_rep4,dose_0.25,0.25,4,104,8,4,104,24,18.0 A/px,26.0,362.29700158971553,621.5122147431532,0.0671536773443222,0.04024519771337509,-40.07000166644218,False,alignment_success = alignment_rmse_px < 1.0 px,2D,paper/scripts/figures/make_fig5.py,acorn-sim-playground working tree,be8aa3e78275464bbbcfea29b75e97ad81ad28d6
dose_0.25_rep5,dose_0.25,0.25,5,105,9,5,105,24,18.0 A/px,26.0,417.097656964795,664.4621401782407,0.06740452349185944,0.03853171318769455,-42.835122642253985,False,alignment_success = alignment_rmse_px < 1.0 px,2D,paper/scripts/figures/make_fig5.py,acorn-sim-playground working tree,be8aa3e78275464bbbcfea29b75e97ad81ad28d6
dose_0.06_rep0,dose_0.06,0.06,0,100,4,0,100,24,18.0 A/px,26.0,413.74495197389365,680.8162827080561,0.2815507650375366,0.1530403196811676,-45.64379192478339,False,alignment_success = alignment_rmse_px < 1.0 px,2D,paper/scripts/figures/make_fig5.py,acorn-sim-playground working tree,be8aa3e78275464bbbcfea29b75e97ad81ad28d6
dose_0.06_rep1,dose_0.06,0.06,1,101,5,1,101,24,18.0 A/px,26.0,382.8079561971077,616.0884346500402,0.2806943953037262,0.16311530768871307,-41.88864814624685,False,alignment_success = alignment_rmse_px < 1.0 px,2D,paper/scripts/figures/make_fig5.py,acorn-sim-playground working tree,be8aa3e78275464bbbcfea29b75e97ad81ad28d6
dose_0.06_rep2,dose_0.06,0.06,2,102,6,2,102,24,18.0 A/px,26.0,382.9300782825137,632.915793910978,0.27983975410461426,0.16340357065200806,-41.60816386691011,False,alignment_success = alignment_rmse_px < 1.0 px,2D,paper/scripts/figures/make_fig5.py,acorn-sim-playground working tree,be8aa3e78275464bbbcfea29b75e97ad81ad28d6
dose_0.06_rep3,dose_0.06,0.06,3,103,7,3,103,24,18.0 A/px,26.0,398.92374944384864,624.4998771056837,0.27959945797920227,0.16242238879203796,-41.9089042711522,False,alignment_success = alignment_rmse_px < 1.0 px,2D,paper/scripts/figures/make_fig5.py,acorn-sim-playground working tree,be8aa3e78275464bbbcfea29b75e97ad81ad28d6
dose_0.06_rep4,dose_0.06,0.06,4,104,8,4,104,24,18.0 A/px,26.0,425.47507505059946,681.9990332528648,0.2777220904827118,0.15271855890750885,-45.010294772710715,False,alignment_success = alignment_rmse_px < 1.0 px,2D,paper/scripts/figures/make_fig5.py,acorn-sim-playground working tree,be8aa3e78275464bbbcfea29b75e97ad81ad28d6
dose_0.06_rep5,dose_0.06,0.06,5,105,9,5,105,24,18.0 A/px,26.0,412.7005580284342,662.0229341178084,0.27882885932922363,0.15569952130317688,-44.15946696559963,False,alignment_success = alignment_rmse_px < 1.0 px,2D,paper/scripts/figures/make_fig5.py,acorn-sim-playground working tree,be8aa3e78275464bbbcfea29b75e97ad81ad28d6
dose_0.015_rep0,dose_0.015,0.015,0,100,4,0,100,24,18.0 A/px,26.0,398.04497102541524,644.7948144500048,1.1231961250305176,0.6461035013198853,-42.47634167164435,False,alignment_success = alignment_rmse_px < 1.0 px,2D,paper/scripts/figures/make_fig5.py,acorn-sim-playground working tree,be8aa3e78275464bbbcfea29b75e97ad81ad28d6
dose_0.015_rep1,dose_0.015,0.015,1,101,5,1,101,24,18.0 A/px,26.0,413.10584521256146,693.9840693008407,1.1228961944580078,0.6136606931686401,-45.35018497726428,False,alignment_success = alignment_rmse_px < 1.0 px,2D,paper/scripts/figures/make_fig5.py,acorn-sim-playground working tree,be8aa3e78275464bbbcfea29b75e97ad81ad28d6
dose_0.015_rep2,dose_0.015,0.015,2,102,6,2,102,24,18.0 A/px,26.0,394.54223374946747,714.2687820213145,1.1173827648162842,0.6329355239868164,-43.35553188070864,False,alignment_success = alignment_rmse_px < 1.0 px,2D,paper/scripts/figures/make_fig5.py,acorn-sim-playground working tree,be8aa3e78275464bbbcfea29b75e97ad81ad28d6
dose_0.015_rep3,dose_0.015,0.015,3,103,7,3,103,24,18.0 A/px,26.0,444.4070055720216,691.6672169335033,1.1140549182891846,0.5735666751861572,-48.5154038844904,False,alignment_success = alignment_rmse_px < 1.0 px,2D,paper/scripts/figures/make_fig5.py,acorn-sim-playground working tree,be8aa3e78275464bbbcfea29b75e97ad81ad28d6
dose_0.015_rep4,dose_0.015,0.015,4,104,8,4,104,24,18.0 A/px,26.0,414.73924214354986,634.6865040938454,1.1117701530456543,0.6167483329772949,-44.525554019620415,False,alignment_success = alignment_rmse_px < 1.0 px,2D,paper/scripts/figures/make_fig5.py,acorn-sim-playground working tree,be8aa3e78275464bbbcfea29b75e97ad81ad28d6
dose_0.015_rep5,dose_0.015,0.015,5,105,9,5,105,24,18.0 A/px,26.0,411.31244185151587,653.3034715930348,1.115688443183899,0.6411612629890442,-42.532230489066606,False,alignment_success = alignment_rmse_px < 1.0 px,2D,paper/scripts/figures/make_fig5.py,acorn-sim-playground working tree,be8aa3e78275464bbbcfea29b75e97ad81ad28d6
